<id>,<x>,<y>,<z>,<tonn>,<au [ppm]>,<cu %>,<proc_profit>
0,0,0,0,0,1,1,0
<tonn>
2
<au [ppm]>,gold,ppm
<cu %>,copper,%
0,0,0,0,1958400.3840000015,0.0,0.0,-128
2,0,0,2,1958400.3840000015,0.0,0.0,-128
4,0,0,4,1958400.3840000015,0.0,0.0,-128
6,0,0,6,1958400.3840000015,0.0,0.0,-128
8,0,0,8,1958400.3840000015,0.0,0.0,-128
10,0,0,10,1958400.3840000015,0.0,0.0,-128
12,0,0,12,1908864.166000001,0.0,0.0,-128
946,0,0,14,14693.055999999999,0.0,0.0,-32
56,0,4,0,1958400.3840000015,0.0,0.0,-128
58,0,4,2,1958400.3840000015,0.0,0.0,-128
60,0,4,4,1958400.3840000015,0.0,0.0,-128
62,0,4,6,1958400.3840000015,0.0,0.0,-128
64,0,4,8,1958400.3840000015,0.0,0.0,-128
66,0,4,10,1958400.3840000015,0.0,0.0,-128
68,0,4,12,1941237.4230000016,0.0,0.0,-128
961,0,4,14,35547.797999999995,0.0,0.0,-44
112,0,8,0,1958400.3840000015,0.0,0.0,-128
114,0,8,2,1958400.3840000015,0.0,0.0,-128
116,0,8,4,1958400.3840000015,0.0,0.0,-128
118,0,8,6,1958400.3840000015,0.0,0.0,-128
120,0,8,8,1958400.3840000015,0.0,0.0,-128
122,0,8,10,1958400.3840000015,0.0,0.0,-128
124,0,8,12,1940690.7130000012,0.0,0.0,-128
154,0,8,14,12868.775,0.0,0.0,-40
170,0,12,0,1958400.3840000015,0.0,0.0,-128
172,0,12,2,1958400.3840000015,0.0,0.0,-128
174,0,12,4,1958400.3840000015,0.0,0.0,-128
176,0,12,6,1958400.3840000015,0.0,0.0,-128
178,0,12,8,1958400.3840000015,0.0,0.0,-128
180,0,12,10,1958400.3840000015,0.0,0.0,-128
182,0,12,12,1958400.3840000015,0.0,0.0,-128
184,0,12,14,97251.25000000003,0.0,0.0,-64
230,0,16,0,1958400.3840000015,0.0,0.0,-128
232,0,16,2,1958400.3840000015,0.0,0.0,-128
234,0,16,4,1958400.3840000015,0.0,0.0,-128
236,0,16,6,1958400.3840000015,0.0,0.0,-128
238,0,16,8,1958400.3840000015,0.0,0.0,-128
240,0,16,10,1958400.3840000015,0.0,0.0,-128
242,0,16,12,1958400.3840000015,0.0,0.0,-128
244,0,16,14,196198.49999999997,0.0,0.0,-64
290,0,20,0,1958400.3840000015,0.0,0.0,-128
292,0,20,2,1958400.3840000015,0.0,0.0,-128
294,0,20,4,1958400.3840000015,0.0,0.0,-128
296,0,20,6,1958400.3840000015,0.0,0.0,-128
298,0,20,8,1958400.3840000015,0.0,0.0,-128
300,0,20,10,1958400.3840000015,0.0,0.0,-128
302,0,20,12,1958400.3840000015,0.0,0.0,-128
304,0,20,14,229953.432,0.0,0.0,-64
350,0,24,0,1958400.3840000015,0.0,0.0,-128
352,0,24,2,1958400.3840000015,0.0,0.0,-128
354,0,24,4,1958400.3840000015,0.0,0.0,-128
356,0,24,6,1958400.3840000015,0.0,0.0,-128
358,0,24,8,1958400.3840000015,0.0,0.0,-128
360,0,24,10,1958400.3840000015,0.0,0.0,-128
362,0,24,12,1958400.3840000015,0.0,0.0,-128
364,0,24,14,262636.571,0.0,0.0,-64
410,0,28,0,1958400.3840000015,0.0,0.0,-128
412,0,28,2,1958400.3840000015,0.0,0.0,-128
414,0,28,4,1958400.3840000015,0.0,0.0,-128
416,0,28,6,1958400.3840000015,0.0,0.0,-128
418,0,28,8,1958400.3840000015,0.0,0.0,-128
420,0,28,10,1958400.3840000015,0.0,0.0,-128
422,0,28,12,1958400.3840000015,0.0,0.0,-128
424,0,28,14,389747.029,0.0,0.0,-64
470,0,32,0,1958400.3840000015,0.0,0.0,-128
472,0,32,2,1958400.3840000015,0.0,0.0,-128
474,0,32,4,1958400.3840000015,0.0,0.0,-128
476,0,32,6,1958400.3840000015,0.0,0.0,-128
478,0,32,8,1958400.3840000015,0.0,0.0,-128
480,0,32,10,1958400.3840000015,0.0,0.0,-128
482,0,32,12,1958400.3840000015,0.0,0.0,-128
484,0,32,14,480880.56100000005,0.0,0.0,-64
530,0,36,0,1958400.3840000015,0.0,0.0,-128
532,0,36,2,1958400.3840000015,0.0,0.0,-128
534,0,36,4,1958400.3840000015,0.0,0.0,-128
536,0,36,6,1958400.3840000015,0.0,0.0,-128
538,0,36,8,1958400.3840000015,0.0,0.0,-128
540,0,36,10,1958400.3840000015,0.0,0.0,-128
542,0,36,12,1958400.3840000015,0.0,0.0,-128
544,0,36,14,483531.501,0.0,0.0,-64
590,0,40,0,1958400.3840000015,0.0,0.0,-128
592,0,40,2,1958400.3840000015,0.0,0.0,-128
594,0,40,4,1958400.3840000015,0.0,0.0,-128
596,0,40,6,1958400.3840000015,0.0,0.0,-128
598,0,40,8,1958400.3840000015,0.0,0.0,-128
600,0,40,10,1958400.3840000015,0.0,0.0,-128
602,0,40,12,1958400.3840000015,0.0,0.0,-128
604,0,40,14,238511.604,0.0,0.0,-64
650,0,44,0,1958400.3840000015,0.0,0.0,-128
652,0,44,2,1958400.3840000015,0.0,0.0,-128
654,0,44,4,1958400.3840000015,0.0,0.0,-128
656,0,44,6,1958400.3840000015,0.0,0.0,-128
658,0,44,8,1958400.3840000015,0.0,0.0,-128
660,0,44,10,1958400.3840000015,0.0,0.0,-128
662,0,44,12,1958400.3840000015,0.0,0.0,-128
664,0,44,14,166334.47999999998,0.0,0.0,-64
710,0,48,0,1958400.3840000015,0.0,0.0,-128
712,0,48,2,1958400.3840000015,0.0,0.0,-128
714,0,48,4,1958400.3840000015,0.0,0.0,-128
716,0,48,6,1958400.3840000015,0.0,0.0,-128
718,0,48,8,1958400.3840000015,0.0,0.0,-128
720,0,48,10,1958400.3840000015,0.0,0.0,-128
722,0,48,12,1958400.3840000015,0.0,0.0,-128
724,0,48,14,137999.306,0.0,0.0,-64
770,0,52,0,1958400.3840000015,0.0,0.0,-128
772,0,52,2,1958400.3840000015,0.0,0.0,-128
774,0,52,4,1958400.3840000015,0.0,0.0,-128
776,0,52,6,1958400.3840000015,0.0,0.0,-128
778,0,52,8,1958400.3840000015,0.0,0.0,-128
780,0,52,10,1958400.3840000015,0.0,0.0,-128
782,0,52,12,1957374.582000001,0.0,0.0,-128
784,0,52,14,116326.743,0.0,0.0,-64
830,0,56,0,1958400.3840000015,0.0,0.0,-128
832,0,56,2,1958400.3840000015,0.0,0.0,-128
834,0,56,4,1958400.3840000015,0.0,0.0,-128
836,0,56,6,1958400.3840000015,0.0,0.0,-128
838,0,56,8,1958400.3840000015,0.0,0.0,-128
840,0,56,10,1958400.3840000015,0.0,0.0,-128
842,0,56,12,1945228.9270000008,0.0,0.0,-128
844,0,56,14,33643.539000000004,0.0,0.0,-60
3580,4,0,0,1958400.3840000015,0.0,0.0,-128
3582,4,0,2,1958400.3840000015,0.0,0.0,-128
3584,4,0,4,1958400.3840000015,0.0,0.0,-128
3586,4,0,6,1958400.3840000015,0.0,0.0,-128
3588,4,0,8,1958400.3840000015,0.0,0.0,-128
3590,4,0,10,1958400.3840000015,0.0,0.0,-128
3592,4,0,12,1958376.8360000013,0.0,0.0,-128
3594,4,0,14,23037.369,0.0,0.0,-64
3640,4,4,0,1958400.3840000015,0.0,0.0,-128
3642,4,4,2,1958400.3840000015,0.0,0.0,-128
3644,4,4,4,1958400.3840000015,0.0,0.0,-128
3646,4,4,6,1958400.3840000015,0.0,0.0,-128
3648,4,4,8,1958400.3840000015,0.0,0.0,-128
3650,4,4,10,1958400.3840000015,0.0,0.0,-128
3652,4,4,12,1958400.3840000015,0.0,0.0,-128
3654,4,4,14,31724.137999999995,0.0,0.0,-64
3700,4,8,0,1958400.3840000015,0.0,0.0,-128
3702,4,8,2,1958400.3840000015,0.0,0.0,-128
3704,4,8,4,1958400.3840000015,0.0,0.0,-128
3706,4,8,6,1958400.3840000015,0.0,0.0,-128
3708,4,8,8,1958400.3840000015,0.0,0.0,-128
3710,4,8,10,1958400.3840000015,0.0,0.0,-128
3712,4,8,12,1958400.3840000015,0.0,0.0,-128
3714,4,8,14,119803.064,0.0,0.0,-64
3760,4,12,0,1958400.3840000015,0.0,0.0,-128
3762,4,12,2,1958400.3840000015,0.0,0.0,-128
3764,4,12,4,1958400.3840000015,0.0,0.0,-128
3766,4,12,6,1958400.3840000015,0.0,0.0,-128
3768,4,12,8,1958400.3840000015,0.0,0.0,-128
3770,4,12,10,1958400.3840000015,0.0,0.0,-128
3772,4,12,12,1958400.3840000015,0.0,0.0,-128
3774,4,12,14,177124.671,0.0,0.0,-64
3820,4,16,0,1958400.3840000015,0.0,0.0,-128
3822,4,16,2,1958400.3840000015,0.0,0.0,-128
3824,4,16,4,1958400.3840000015,0.0,0.0,-128
3826,4,16,6,1958400.3840000015,0.0,0.0,-128
3828,4,16,8,1958400.3840000015,0.0,0.0,-128
3830,4,16,10,1958400.3840000015,0.0,0.0,-128
3832,4,16,12,1958400.3840000015,0.0,0.0,-128
3834,4,16,14,232017.87,0.0,0.0,-64
3880,4,20,0,1958400.3840000015,0.0,0.0,-128
3882,4,20,2,1958400.3840000015,0.0,0.0,-128
3884,4,20,4,1958400.3840000015,0.0,0.0,-128
3886,4,20,6,1958400.3840000015,0.0,0.0,-128
3888,4,20,8,1958400.3840000015,0.0,0.0,-128
3890,4,20,10,1958400.3840000015,0.0,0.0,-128
3892,4,20,12,1958400.3840000015,0.0,0.0,-128
3894,4,20,14,245576.23100000003,0.0,0.0,-64
3940,4,24,0,1958400.3840000015,0.0,0.0,-128
3942,4,24,2,1958400.3840000015,0.0,0.0,-128
3944,4,24,4,1958400.3840000015,0.0,0.0,-128
3946,4,24,6,1958400.3840000015,0.0,0.0,-128
3948,4,24,8,1958400.3840000015,0.0,0.0,-128
3950,4,24,10,1958400.3840000015,0.0,0.0,-128
3952,4,24,12,1958400.3840000015,0.0,0.0,-128
3954,4,24,14,307119.875,0.0,0.0,-64
4000,4,28,0,1958400.3840000015,0.0,0.0,-128
4002,4,28,2,1958400.3840000015,0.0,0.0,-128
4004,4,28,4,1958400.3840000015,0.0,0.0,-128
4006,4,28,6,1958400.3840000015,0.0,0.0,-128
4008,4,28,8,1958400.3840000015,0.0,0.0,-128
4010,4,28,10,1958400.3840000015,0.0,0.0,-128
4012,4,28,12,1958400.3840000015,0.0,0.0,-128
4014,4,28,14,390368.493,0.0,0.0,-64
4060,4,32,0,1958400.3840000015,0.0,0.0,-128
4062,4,32,2,1958400.3840000015,0.0,0.0,-128
4064,4,32,4,1958400.3840000015,0.0,0.0,-128
4066,4,32,6,1958400.3840000015,0.0,0.0,-128
4068,4,32,8,1958400.3840000015,0.0,0.0,-128
4070,4,32,10,1958400.3840000015,0.0,0.0,-128
4072,4,32,12,1958400.3840000015,0.0,0.0,-128
4074,4,32,14,409552.258,0.0,0.0,-64
4120,4,36,0,1958400.3840000015,0.0,0.0,-128
4122,4,36,2,1958400.3840000015,0.0,0.0,-128
4124,4,36,4,1958400.3840000015,0.0,0.0,-128
4126,4,36,6,1958400.3840000015,0.0,0.0,-128
4128,4,36,8,1958400.3840000015,0.0,0.0,-128
4130,4,36,10,1958400.3840000015,0.0,0.0,-128
4132,4,36,12,1958400.3840000015,0.0,0.0,-128
4134,4,36,14,381471.351,0.0,0.0,-64
4180,4,40,0,1958400.3840000015,0.0,0.0,-128
4182,4,40,2,1958400.3840000015,0.0,0.0,-128
4184,4,40,4,1958400.3840000015,0.0,0.0,-128
4186,4,40,6,1958400.3840000015,0.0,0.0,-128
4188,4,40,8,1958400.3840000015,0.0,0.0,-128
4190,4,40,10,1958400.3840000015,0.0,0.0,-128
4192,4,40,12,1958400.3840000015,0.0,0.0,-128
4194,4,40,14,230835.729,0.0,0.0,-64
4240,4,44,0,1958400.3840000015,0.0,0.0,-128
4242,4,44,2,1958400.3840000015,0.0,0.0,-128
4244,4,44,4,1958400.3840000015,0.0,0.0,-128
4246,4,44,6,1958400.3840000015,0.0,0.0,-128
4248,4,44,8,1958400.3840000015,0.0,0.0,-128
4250,4,44,10,1958400.3840000015,0.0,0.0,-128
4252,4,44,12,1958400.3840000015,0.0,0.0,-128
4254,4,44,14,147519.25900000002,0.0,0.0,-64
4300,4,48,0,1958400.3840000015,0.0,0.0,-128
4302,4,48,2,1958400.3840000015,0.0,0.0,-128
4304,4,48,4,1958400.3840000015,0.0,0.0,-128
4306,4,48,6,1958400.3840000015,0.0,0.0,-128
4308,4,48,8,1958400.3840000015,0.0,0.0,-128
4310,4,48,10,1958400.3840000015,0.0,0.0,-128
4312,4,48,12,1929397.133000001,0.0,0.0,-128
4314,4,48,14,12248.694,0.0,0.0,-32
4360,4,52,0,1958400.3840000015,0.0,0.0,-128
4362,4,52,2,1958400.3840000015,0.0,0.0,-128
4364,4,52,4,1958400.3840000015,0.0,0.0,-128
4366,4,52,6,1958400.3840000015,0.0,0.0,-128
4368,4,52,8,1958400.3840000015,0.0,0.0,-128
4370,4,52,10,1958400.3840000015,0.0,0.0,-128
4372,4,52,12,1916321.329000001,0.0,0.0,-128
4374,4,52,14,5010.528,0.0,0.0,-28
4418,4,56,0,1958400.3840000015,0.0,0.0,-128
4420,4,56,2,1958400.3840000015,0.0,0.0,-128
4422,4,56,4,1958400.3840000015,0.0,0.0,-128
4424,4,56,6,1958400.3840000015,0.0,0.0,-128
4426,4,56,8,1958400.3840000015,0.0,0.0,-128
4428,4,56,10,1958400.3840000015,0.0,0.0,-128
4430,4,56,12,1846938.7800000012,0.0,0.0,-128
4432,4,56,14,1496.673,0.0,0.0,-16
7151,8,0,0,1958400.3840000015,0.0,0.0,-128
7153,8,0,2,1958400.3840000015,0.0,0.0,-128
7155,8,0,4,1958400.3840000015,0.0,0.0,-128
7157,8,0,6,1958400.3840000015,0.0,0.0,-128
7159,8,0,8,1958400.3840000015,0.0,0.0,-128
7161,8,0,10,1958400.3840000015,0.0,0.0,-128
7163,8,0,12,1958400.3840000015,0.0,0.0,-128
7165,8,0,14,55374.824,0.0,0.0,-64
7211,8,4,0,1958400.3840000015,0.0,0.0,-128
7213,8,4,2,1958400.3840000015,0.0,0.0,-128
7215,8,4,4,1958400.3840000015,0.0,0.0,-128
7217,8,4,6,1958400.3840000015,0.0,0.0,-128
7219,8,4,8,1958400.3840000015,0.0,0.0,-128
7221,8,4,10,1958400.3840000015,0.0,0.0,-128
7223,8,4,12,1958400.3840000015,0.0,0.0,-128
7225,8,4,14,74572.159,0.0,0.0,-64
7271,8,8,0,1958400.3840000015,0.0,0.0,-128
7273,8,8,2,1958400.3840000015,0.0,0.0,-128
7275,8,8,4,1958400.3840000015,0.0,0.0,-128
7277,8,8,6,1958400.3840000015,0.0,0.0,-128
7279,8,8,8,1958400.3840000015,0.0,0.0,-128
7281,8,8,10,1958400.3840000015,0.0,0.0,-128
7283,8,8,12,1958400.3840000015,0.0,0.0,-128
7285,8,8,14,154993.956,0.0,0.0,-64
7331,8,12,0,1958400.3840000015,0.0,0.0,-128
7333,8,12,2,1958400.3840000015,0.0,0.0,-128
7335,8,12,4,1958400.3840000015,0.0,0.0,-128
7337,8,12,6,1958400.3840000015,0.0,0.0,-128
7339,8,12,8,1958400.3840000015,0.0,0.0,-128
7341,8,12,10,1958400.3840000015,0.0,0.0,-128
7343,8,12,12,1958400.3840000015,0.0,0.0,-128
7345,8,12,14,183996.819,0.0,0.0,-64
7391,8,16,0,1958400.3840000015,0.0,0.0,-128
7393,8,16,2,1958400.3840000015,0.0,0.0,-128
7395,8,16,4,1958400.3840000015,0.0,0.0,-128
7397,8,16,6,1958400.3840000015,0.0,0.0,-128
7399,8,16,8,1958400.3840000015,0.0,0.0,-128
7401,8,16,10,1958400.3840000015,0.0,0.0,-128
7403,8,16,12,1958400.3840000015,0.0,0.0,-128
7405,8,16,14,221790.472,0.0,0.0,-64
7451,8,20,0,1958400.3840000015,0.0,0.0,-128
7453,8,20,2,1958400.3840000015,0.0,0.0,-128
7455,8,20,4,1958400.3840000015,0.0,0.0,-128
7457,8,20,6,1961230.3600000013,0.0017551225252601117,0.002613563130024153,-126.70699954676
7459,8,20,8,1977520.336000001,0.00893153708722214,0.011199528515902954,-122.35620112062401
7461,8,20,10,1968500.324000001,0.005721359102656665,0.0058963653791605855,-124.70629115870399
7463,8,20,12,1969100.355000001,0.006248029271570567,0.005548471432021043,-124.78186600275201
7465,8,20,14,250125.30900000004,0.0024632776217419885,0.002040956189443428,-63.35765736012
7511,8,24,0,1958400.3840000015,0.0,0.0,-128
7513,8,24,2,1958400.3840000015,0.0,0.0,-128
7515,8,24,4,1958400.3840000015,0.0,0.0,-128
7517,8,24,6,1958400.3840000015,0.0,0.0,-128
7519,8,24,8,1958400.3840000015,0.0,0.0,-128
7521,8,24,10,1958400.3840000015,0.0,0.0,-128
7523,8,24,12,2001700.4300000002,0.0029969511539746233,0.0025867999673157885,-126.430617262336
7525,8,24,14,283847.593,0.002446831553621806,0.002060487868093354,-63.305606822424
7571,8,28,0,1958400.3840000015,0.0,0.0,-128
7573,8,28,2,1958400.3840000015,0.0,0.0,-128
7575,8,28,4,1958400.3840000015,0.0,0.0,-128
7577,8,28,6,1958400.3840000015,0.0,0.0,-128
7579,8,28,8,1958400.3840000015,0.0,0.0,-128
7581,8,28,10,1958400.3840000015,0.0,0.0,-128
7583,8,28,12,1992000.439,0.0,0.0,-128
7585,8,28,14,351476.13899999997,0.0,0.0,-64
7631,8,32,0,1958400.3840000015,0.0,0.0,-128
7633,8,32,2,1958400.3840000015,0.0,0.0,-128
7635,8,32,4,1958400.3840000015,0.0,0.0,-128
7637,8,32,6,1958400.3840000015,0.0,0.0,-128
7639,8,32,8,1958400.3840000015,0.0,0.0,-128
7641,8,32,10,1958400.3840000015,0.0,0.0,-128
7643,8,32,12,1963200.3920000012,0.0,0.0,-128
7645,8,32,14,415557.0679999999,0.0,0.0,-64
7691,8,36,0,1958400.3840000015,0.0,0.0,-128
7693,8,36,2,1958400.3840000015,0.0,0.0,-128
7695,8,36,4,1958400.3840000015,0.0,0.0,-128
7697,8,36,6,1958400.3840000015,0.0,0.0,-128
7699,8,36,8,1958400.3840000015,0.0,0.0,-128
7701,8,36,10,1958400.3840000015,0.0,0.0,-128
7703,8,36,12,1958400.3840000015,0.0,0.0,-128
7705,8,36,14,386394.604,0.0,0.0,-64
7751,8,40,0,1958400.3840000015,0.0,0.0,-128
7753,8,40,2,1958400.3840000015,0.0,0.0,-128
7755,8,40,4,1958400.3840000015,0.0,0.0,-128
7757,8,40,6,1958400.3840000015,0.0,0.0,-128
7759,8,40,8,1958400.3840000015,0.0,0.0,-128
7761,8,40,10,1958400.3840000015,0.0,0.0,-128
7763,8,40,12,1958400.3840000015,0.0,0.0,-128
7765,8,40,14,269929.297,0.0,0.0,-64
7811,8,44,0,1958400.3840000015,0.0,0.0,-128
7813,8,44,2,1958400.3840000015,0.0,0.0,-128
7815,8,44,4,1958400.3840000015,0.0,0.0,-128
7817,8,44,6,1958400.3840000015,0.0,0.0,-128
7819,8,44,8,1958400.3840000015,0.0,0.0,-128
7821,8,44,10,1958400.3840000015,0.0,0.0,-128
7823,8,44,12,1958400.3840000015,0.0,0.0,-128
7825,8,44,14,186739.825,0.0,0.0,-64
7871,8,48,0,1958400.3840000015,0.0,0.0,-128
7873,8,48,2,1958400.3840000015,0.0,0.0,-128
7875,8,48,4,1958400.3840000015,0.0,0.0,-128
7877,8,48,6,1958400.3840000015,0.0,0.0,-128
7879,8,48,8,1958400.3840000015,0.0,0.0,-128
7881,8,48,10,1958400.3840000015,0.0,0.0,-128
7883,8,48,12,1945250.1960000014,0.0,0.0,-128
7885,8,48,14,42237.757,0.0,0.0,-52
7929,8,52,0,1958400.3840000015,0.0,0.0,-128
7931,8,52,2,1958400.3840000015,0.0,0.0,-128
7933,8,52,4,1958400.3840000015,0.0,0.0,-128
7935,8,52,6,1958400.3840000015,0.0,0.0,-128
7937,8,52,8,1958400.3840000015,0.0,0.0,-128
7939,8,52,10,1958400.3840000015,0.0,0.0,-128
7941,8,52,12,1919526.2390000005,0.0,0.0,-128
8848,8,52,14,441.67999999999995,0.0,0.0,-16
7985,8,56,0,1958400.3840000015,0.0,0.0,-128
7987,8,56,2,1958400.3840000015,0.0,0.0,-128
7989,8,56,4,1958400.3840000015,0.0,0.0,-128
7991,8,56,6,1958400.3840000015,0.0,0.0,-128
7993,8,56,8,1958400.3840000015,0.0,0.0,-128
7995,8,56,10,1958400.3840000015,0.0,0.0,-128
7997,8,56,12,1765604.718000001,0.0,0.0,-128
10720,12,0,0,1958400.3840000015,0.0,0.0,-128
10722,12,0,2,1958400.3840000015,0.0,0.0,-128
10724,12,0,4,1958400.3840000015,0.0,0.0,-128
10726,12,0,6,1958400.3840000015,0.0,0.0,-128
10728,12,0,8,1958400.3840000015,0.0,0.0,-128
10730,12,0,10,1958400.3840000015,0.0,0.0,-128
10732,12,0,12,1958400.3840000015,0.0,0.0,-128
10734,12,0,14,90688.209,0.0,0.0,-64
10780,12,4,0,1958400.3840000015,0.0,0.0,-128
10782,12,4,2,1958400.3840000015,0.0,0.0,-128
10784,12,4,4,1958400.3840000015,0.0,0.0,-128
10786,12,4,6,1958400.3840000015,0.0,0.0,-128
10788,12,4,8,1958400.3840000015,0.0,0.0,-128
10790,12,4,10,1958400.3840000015,0.0,0.0,-128
10792,12,4,12,1958400.3840000015,0.0,0.0,-128
10794,12,4,14,104741.523,0.0,0.0,-64
10840,12,8,0,1958400.3840000015,0.0,0.0,-128
10842,12,8,2,1958400.3840000015,0.0,0.0,-128
10844,12,8,4,1958400.3840000015,0.0,0.0,-128
10846,12,8,6,1958400.3840000015,0.0,0.0,-128
10848,12,8,8,1958400.3840000015,0.0,0.0,-128
10850,12,8,10,1958400.3840000015,0.0,0.0,-128
10852,12,8,12,1958400.3840000015,0.0,0.0,-128
10854,12,8,14,116439.75699999998,0.0,0.0,-64
10900,12,12,0,1958400.3840000015,0.0,0.0,-128
10902,12,12,2,1958400.3840000015,0.0,0.0,-128
10904,12,12,4,1958400.3840000015,0.0,0.0,-128
10906,12,12,6,1958400.3840000015,0.0,0.0,-128
10908,12,12,8,1958400.3840000015,0.0,0.0,-128
10910,12,12,10,1958400.3840000015,0.0,0.0,-128
10912,12,12,12,1958400.3840000015,0.0,0.0,-128
10914,12,12,14,147124.41200000004,0.0,0.0,-64
10960,12,16,0,1961700.3600000013,0.0036743625701582652,0.004241727374893276,-125.710692773064
10962,12,16,2,1974660.324000001,0.016034452398563503,0.02378267038969482,-116.66453805695201
10964,12,16,4,1980560.324000001,0.02228641830550978,0.04009390249118207,-109.894025778048
10966,12,16,6,1962920.3480000012,0.00353615907589542,0.006840215040798991,-124.82766496662398
10968,12,16,8,1958400.3840000015,0.0,0.0,-128
10970,12,16,10,1958400.3840000015,0.0,0.0,-128
10972,12,16,12,1958400.3840000015,0.0,0.0,-128
10974,12,16,14,208495.754,0.0,0.0,-64
11020,12,20,0,1971850.350000001,0.015105607439271621,0.01886857014980216,-118.55037164032
11022,12,20,2,2028570.2680000004,0.07124889320212205,0.09622736994936253,-81.57071289898398
11024,12,20,4,2132950.275,0.15734187398956007,0.23598890077053125,-14.244017829568001
11026,12,20,6,2229950.2899999996,0.2086001172256424,0.31471871332571555,29.58813134972001
11028,12,20,8,2224540.354,0.18812286102374712,0.2577423207081774,4.318745882920003
11030,12,20,10,2166000.2700000005,0.13683404841977811,0.1614112827716773,-42.827691939303996
11032,12,20,12,2056910.2550000006,0.07003309134932492,0.07411815048197685,-88.179292641272
11034,12,20,14,230727.94399999996,0.013692508782373585,0.013221594238654509,-60.176589008503996
11080,12,24,0,1958400.3840000015,0.0,0.0,-128
11082,12,24,2,1958400.3840000015,0.0,0.0,-128
11084,12,24,4,1982890.324000001,0.01931533897789984,0.03155963655947847,-113.699177706824
11086,12,24,6,2050900.2440000002,0.06826040803320382,0.09858752652248959,-81.22417664382404
11088,12,24,8,2117920.221,0.1218718084749837,0.14964523041965452,-51.54692444190399
11090,12,24,10,2151120.155,0.13190887844162077,0.1359053070925282,-53.003915559400006
11092,12,24,12,2125350.2339999997,0.13009726534392752,0.11983058232105501,-57.07454553723999
11094,12,24,14,264482.454,0.030653919127928236,0.024664122544703848,-55.79547717244001
11140,12,28,0,1958400.3840000015,0.0,0.0,-128
11142,12,28,2,1958400.3840000015,0.0,0.0,-128
11144,12,28,4,1974760.324000001,0.009106320105264578,0.019434054262009764,-119.42535876916001
11146,12,28,6,2041280.251,0.03351837588865719,0.07512422540636902,-96.55242831239198
11148,12,28,8,2060840.234,0.044722146241655394,0.07563361524542901,-93.905601503256
11150,12,28,10,2023700.2410000002,0.037315454547252595,0.044099907927992704,-105.794653983824
11152,12,28,12,2043120.3360000001,0.021784322304214974,0.020088240666495914,-116.490334899136
11154,12,28,14,340389.87599999993,0.008296052851254603,0.005027105977147219,-61.951943378528
11200,12,32,0,1958400.3840000015,0.0,0.0,-128
11202,12,32,2,1958400.3840000015,0.0,0.0,-128
11204,12,32,4,1970000.3480000012,0.005985785607851066,0.011862738741140562,-122.786769643928
11206,12,32,6,2008200.2780000004,0.025849811873060072,0.05994700829879201,-102.955809185752
11208,12,32,8,2058240.2199999997,0.05942707625204863,0.10576821674238963,-80.62992709620802
11210,12,32,10,2092680.1989999996,0.08575261370064877,0.114772240759409,-72.00392431575202
11212,12,32,12,2068480.2739999997,0.056315736648872974,0.06407814996797623,-94.47266719153602
11214,12,32,14,457267.218,0.01674292207491463,0.020416928954235684,-58.72560060604
11260,12,36,0,1958400.3840000015,0.0,0.0,-128
11262,12,36,2,1958400.3840000015,0.0,0.0,-128
11264,12,36,4,2034280.2189999998,0.054712422181964246,0.10100653536929102,-83.235539563928
11266,12,36,6,2130760.156999999,0.1202425328037722,0.23029715226420314,-25.299758283463994
11268,12,36,8,2185840.0979999998,0.16282252161289193,0.2605037737692094,-3.467200336727997
11270,12,36,10,2139760.1289999997,0.1647758496416667,0.17435729739652073,-33.906673418592
11272,12,36,12,2090280.1439999999,0.13292743203856414,0.1121290736530481,-61.757164230984
11274,12,36,14,516617.29,0.06763999817299378,0.0589527263415303,-46.988572268351994
11320,12,40,0,1958400.3840000015,0.0,0.0,-128
11322,12,40,2,1958400.3840000015,0.0,0.0,-128
11324,12,40,4,1958680.3720000014,0.00024628823433168074,0.00041048036962714786,-127.797143042616
11326,12,40,6,1976000.325000001,0.009385423074114232,0.016288862924552408,-120.61268499967198
11328,12,40,8,2041080.2350000006,0.04225331085474483,0.059861045401237524,-99.66150316539999
11330,12,40,10,1988920.2880000006,0.018541112634595434,0.01802907613379425,-118.19615854984
11332,12,40,12,1961280.3720000014,0.0018037194321139096,0.0013254604776720819,-127.152183291224
11334,12,40,14,461355.84599999996,0.0,0.0,-64
11380,12,44,0,1958400.3840000015,0.0,0.0,-128
11382,12,44,2,1958400.3840000015,0.0,0.0,-128
11384,12,44,4,1958400.3840000015,0.0,0.0,-128
11386,12,44,6,1958400.3840000015,0.0,0.0,-128
11388,12,44,8,1958400.3840000015,0.0,0.0,-128
11390,12,44,10,1958400.3840000015,0.0,0.0,-128
11392,12,44,12,1958400.3840000015,0.0,0.0,-128
11394,12,44,14,340955.00800000003,0.0,0.0,-64
11440,12,48,0,1958400.3840000015,0.0,0.0,-128
11442,12,48,2,1958400.3840000015,0.0,0.0,-128
11444,12,48,4,1958400.3840000015,0.0,0.0,-128
11446,12,48,6,1958400.3840000015,0.0,0.0,-128
11448,12,48,8,1958400.3840000015,0.0,0.0,-128
11450,12,48,10,1958400.3840000015,0.0,0.0,-128
11452,12,48,12,1951562.5110000009,0.0,0.0,-128
11454,12,48,14,99377.83799999999,0.0,0.0,-52
11500,12,52,0,1958400.3840000015,0.0,0.0,-128
11502,12,52,2,1958400.3840000015,0.0,0.0,-128
11504,12,52,4,1958400.3840000015,0.0,0.0,-128
11506,12,52,6,1958400.3840000015,0.0,0.0,-128
11508,12,52,8,1958400.3840000015,0.0,0.0,-128
11510,12,52,10,1958400.3840000015,0.0,0.0,-128
11512,12,52,12,1829179.8550000007,0.0,0.0,-128
11556,12,56,0,1958400.3840000015,0.0,0.0,-128
11558,12,56,2,1958400.3840000015,0.0,0.0,-128
11560,12,56,4,1958400.3840000015,0.0,0.0,-128
11562,12,56,6,1958400.3840000015,0.0,0.0,-128
11564,12,56,8,1958400.3840000015,0.0,0.0,-128
11566,12,56,10,1958400.3840000015,0.0,0.0,-128
11568,12,56,12,1724248.0120000006,0.0,0.0,-128
14285,16,0,0,1958400.3840000015,0.0,0.0,-128
14287,16,0,2,1958400.3840000015,0.0,0.0,-128
14289,16,0,4,1958400.3840000015,0.0,0.0,-128
14291,16,0,6,1958400.3840000015,0.0,0.0,-128
14293,16,0,8,1958400.3840000015,0.0,0.0,-128
14295,16,0,10,1958400.3840000015,0.0,0.0,-128
14297,16,0,12,1958400.3840000015,0.0,0.0,-128
14299,16,0,14,92950.981,0.0,0.0,-64
14345,16,4,0,1958400.3840000015,0.0,0.0,-128
14347,16,4,2,1958400.3840000015,0.0,0.0,-128
14349,16,4,4,1958400.3840000015,0.0,0.0,-128
14351,16,4,6,1958400.3840000015,0.0,0.0,-128
14353,16,4,8,1958400.3840000015,0.0,0.0,-128
14355,16,4,10,1958400.3840000015,0.0,0.0,-128
14357,16,4,12,1958400.3840000015,0.0,0.0,-128
14359,16,4,14,75670.159,0.0,0.0,-64
14405,16,8,0,1958400.3840000015,0.0,0.0,-128
14407,16,8,2,1958400.3840000015,0.0,0.0,-128
14409,16,8,4,1958400.3840000015,0.0,0.0,-128
14411,16,8,6,1958400.3840000015,0.0,0.0,-128
14413,16,8,8,1958400.3840000015,0.0,0.0,-128
14415,16,8,10,1958400.3840000015,0.0,0.0,-128
14417,16,8,12,1958400.3840000015,0.0,0.0,-128
14419,16,8,14,65803.80900000001,0.0,0.0,-64
14465,16,12,0,1958400.3840000015,0.0,0.0,-128
14467,16,12,2,1958400.3840000015,0.0,0.0,-128
14469,16,12,4,1958400.3840000015,0.0,0.0,-128
14471,16,12,6,1958400.3840000015,0.0,0.0,-128
14473,16,12,8,1958400.3840000015,0.0,0.0,-128
14475,16,12,10,1958400.3840000015,0.0,0.0,-128
14477,16,12,12,1962400.3920000012,0.0,0.0,-128
14479,16,12,14,128707.36099999999,0.0,0.0,-64
14525,16,16,0,1965600.3480000014,0.0034109162558512095,0.007118433951839121,-124.82816759862399
14527,16,16,2,1958960.3720000014,0.0008618855489129816,0.0015048795198395154,-127.26878021324
14529,16,16,4,1961840.3360000013,0.0035244451595779587,0.00632487634718506,-124.96823002183999
14531,16,16,6,1959080.3720000014,0.00041039656108606015,0.0007387137910031589,-127.644576984296
14533,16,16,8,1958400.3840000015,0.0,0.0,-128
14535,16,16,10,1958400.3840000015,0.0,0.0,-128
14537,16,16,12,1958400.3840000015,0.0,0.0,-128
14539,16,16,14,193378.62300000002,0.0,0.0,-64
14585,16,20,0,2128640.26,0.132386051237383,0.24911675789540003,-13.382828170976
14587,16,20,2,2217300.316,0.23503960424235698,0.3837761517808785,59.354064767592
14589,16,20,4,2278590.159,0.2981746361765224,0.5099912244114096,121.778855330376
14591,16,20,6,2246260.0360000003,0.28270372095803287,0.527659278667614,121.24009306996798
14593,16,20,8,2213550.06,0.2675040817162907,0.5010417790017707,104.872143090888
14595,16,20,10,2153870.1200000006,0.20445591463506627,0.32767295091483034,26.582650400592
14597,16,20,12,2080160.1800000006,0.156470240371739,0.14832356268161995,-44.722172509576005
14599,16,20,14,186039.047,0.0,0.0,-64
14645,16,24,0,1991510.2840000005,0.04851589017057276,0.05857433644237428,-97.88399844203198
14647,16,24,2,2168700.2109999997,0.18575467050907554,0.2390862916465055,-5.977626925359997
14649,16,24,4,2279480.213,0.2903534079088811,0.44599506146594803,97.56875263307201
14651,16,24,6,2295290.051,0.30282102072893363,0.5047545520117567,122.55665642126401
14653,16,24,8,2295750.011,0.3343819897821063,0.5005893511607393,128.01161403057603
14655,16,24,10,2301360,0.35494494095399676,0.4147428043196501,101.64541726144002
14657,16,24,12,2197000.2459999993,0.33421632928246653,0.2935447395602807,51.713091590072004
14659,16,24,14,185213.31799999997,0.07751637686251592,0.055975158781961895,-47.015673276792
14705,16,28,0,2023360.251,0.1095915545703118,0.13896961453425033,-59.625438334783986
14707,16,28,2,2189640.0909999995,0.2842858056291082,0.40810012532326034,74.382719405776
14709,16,28,4,2299500.034,0.43638598697933156,0.7913489709680035,254.93695968728
14711,16,28,6,2311050.025,0.4565697083726104,0.8649129503138054,287.191284099368
14713,16,28,8,2301240.01,0.4775648347431172,0.6462049420636803,213.17047797045598
14715,16,28,10,2294240.012,0.5356881661202688,0.4131236906320138,142.318535877488
14717,16,28,12,2176030.286,0.5127841173417336,0.33659439656105805,107.95439660572798
14719,16,28,14,320429.042,0.28774409307999527,0.13874491053981522,-8.561237325680002
14765,16,32,0,1991160.2960000006,0.046421776048374316,0.06686673894864895,-96.17383101733598
14767,16,32,2,2156880.115999999,0.2250728696549238,0.3606086355735516,42.980505116639996
14769,16,32,4,2283720.0279999995,0.39489078665901145,0.747511242819143,227.513476863792
14771,16,32,6,2315520.0270000002,0.4535416605068889,0.9580786905199259,320.09194637700796
14773,16,32,8,2314260.0130000003,0.5747903629804447,0.826042512717958,299.982165250192
14775,16,32,10,2309010.001,0.6697878037592538,0.46549023801275935,191.60182654068802
14777,16,32,12,2200130.1969999997,0.4798615360676284,0.3395870014339659,101.552922702304
14779,16,32,14,444958.66000000003,0.2923426589661381,0.18975295597012867,3.720678325936001
14825,16,36,0,1958400.3840000015,0.0,0.0,-128
14827,16,36,2,2058520.1870000004,0.10411342788275554,0.1760827950730533,-47.037690470335995
14829,16,36,4,2281920.0239999997,0.3014577139425183,0.5906776636363108,150.84638241042404
14831,16,36,6,2315520.032,0.35842592096874987,0.7460995266875,222.13505885013603
14833,16,36,8,2315520.032,0.43797453106250006,0.7625347116250001,246.08162149332804
14835,16,36,10,2315520.019,0.5446643441453657,0.5318634186653544,187.10825933727202
14837,16,36,12,2211020.1439999994,0.47451143208301966,0.3232391421662082,94.596428356688
14839,16,36,14,546979,0.20444050683686396,0.15948955459386918,-11.900238745015997
14885,16,40,0,1958400.3840000015,0.0,0.0,-128
14887,16,40,2,1958400.3840000015,0.0,0.0,-128
14889,16,40,4,1966360.3360000013,0.00795947625336966,0.013888195771947255,-121.440222186856
14891,16,40,6,2057760.1980000006,0.05652359089246716,0.10412583169733614,-81.82321197252001
14893,16,40,8,2131400.1459999997,0.11816945418008262,0.16249242978477738,-47.984296507128
14895,16,40,10,2170400.1010000007,0.15962199508964972,0.1461997696318892,-43.58998523468799
14897,16,40,12,2100880.132,0.1414565095343193,0.09042723499680369,-66.730179610552
14899,16,40,14,480039.10000000003,0.07585544072606586,0.04652223152393003,-46.805662911696
14945,16,44,0,1958400.3840000015,0.0,0.0,-128
14947,16,44,2,1958400.3840000015,0.0,0.0,-128
14949,16,44,4,1958400.3840000015,0.0,0.0,-128
14951,16,44,6,1958400.3840000015,0.0,0.0,-128
14953,16,44,8,1958400.3840000015,0.0,0.0,-128
14955,16,44,10,1958400.3840000015,0.0,0.0,-128
14957,16,44,12,1960040.3720000014,0.001465683730375732,0.001063243146748815,-127.30277547391199
14959,16,44,14,312415.436,0.0015633619552652322,0.0009948672585307213,-63.667161496512
15005,16,48,0,1958400.3840000015,0.0,0.0,-128
15007,16,48,2,1958400.3840000015,0.0,0.0,-128
15009,16,48,4,1958400.3840000015,0.0,0.0,-128
15011,16,48,6,1958400.3840000015,0.0,0.0,-128
15013,16,48,8,1958400.3840000015,0.0,0.0,-128
15015,16,48,10,1958400.3840000015,0.0,0.0,-128
15017,16,48,12,1943468.8020000008,0.0,0.0,-128
15019,16,48,14,52228.79300000001,0.0,0.0,-44
15064,16,52,0,1958400.3840000015,0.0,0.0,-128
15066,16,52,2,1958400.3840000015,0.0,0.0,-128
15068,16,52,4,1958400.3840000015,0.0,0.0,-128
15070,16,52,6,1958400.3840000015,0.0,0.0,-128
15072,16,52,8,1958400.3840000015,0.0,0.0,-128
15074,16,52,10,1958400.3840000015,0.0,0.0,-128
15076,16,52,12,1797474.2360000005,0.0,0.0,-128
15120,16,56,0,1958400.3840000015,0.0,0.0,-128
15122,16,56,2,1958400.3840000015,0.0,0.0,-128
15124,16,56,4,1958400.3840000015,0.0,0.0,-128
15126,16,56,6,1958400.3840000015,0.0,0.0,-128
15128,16,56,8,1958400.3840000015,0.0,0.0,-128
15130,16,56,10,1958400.3840000015,0.0,0.0,-128
15132,16,56,12,1675762.7330000005,0.0,0.0,-128
17848,20,0,0,1958400.3840000015,0.0,0.0,-128
17850,20,0,2,1958400.3840000015,0.0,0.0,-128
17852,20,0,4,1958400.3840000015,0.0,0.0,-128
17854,20,0,6,1958400.3840000015,0.0,0.0,-128
17856,20,0,8,1958400.3840000015,0.0,0.0,-128
17858,20,0,10,1958400.3840000015,0.0,0.0,-128
17860,20,0,12,1955111.760000001,0.0,0.0,-128
17862,20,0,14,44563.46,0.0,0.0,-60
17908,20,4,0,1958400.3840000015,0.0,0.0,-128
17910,20,4,2,1958400.3840000015,0.0,0.0,-128
17912,20,4,4,1958400.3840000015,0.0,0.0,-128
17914,20,4,6,1958400.3840000015,0.0,0.0,-128
17916,20,4,8,1958400.3840000015,0.0,0.0,-128
17918,20,4,10,1958400.3840000015,0.0,0.0,-128
17920,20,4,12,1958192.9450000012,0.0,0.0,-128
17922,20,4,14,34006.08899999999,0.0,0.0,-64
17968,20,8,0,1958400.3840000015,0.0,0.0,-128
17970,20,8,2,1958400.3840000015,0.0,0.0,-128
17972,20,8,4,1958400.3840000015,0.0,0.0,-128
17974,20,8,6,1958400.3840000015,0.0,0.0,-128
17976,20,8,8,1958400.3840000015,0.0,0.0,-128
17978,20,8,10,1958400.3840000015,0.0,0.0,-128
17980,20,8,12,1958400.3840000015,0.0,0.0,-128
17982,20,8,14,67638.353,0.0,0.0,-64
18028,20,12,0,1958400.3840000015,0.0,0.0,-128
18030,20,12,2,1958400.3840000015,0.0,0.0,-128
18032,20,12,4,1958400.3840000015,0.0,0.0,-128
18034,20,12,6,1958400.3840000015,0.0,0.0,-128
18036,20,12,8,1958400.3840000015,0.0,0.0,-128
18038,20,12,10,1958400.3840000015,0.0,0.0,-128
18040,20,12,12,1982000.430000001,0.0,0.0,-128
18042,20,12,14,105814.38699999999,0.0,0.0,-64
18088,20,16,0,1960920.3600000013,0.004660464075165191,0.005630824642689717,-124.993112851264
18090,20,16,2,2004920.2860000005,0.04621011509583766,0.06295910944284955,-97.99362823859202
18092,20,16,4,2067840.2230000005,0.08507194665741276,0.1347361301564263,-65.56985587253598
18094,20,16,6,2041000.253000001,0.05893110253975278,0.0951590239673164,-84.82279205315201
18096,20,16,8,1992440.3000000012,0.021319582424507266,0.035200849973151,-111.96001109428
18098,20,16,10,1958400.3840000015,0.0,0.0,-128
18100,20,16,12,2004910.8940000006,0.0,0.0,-128
18102,20,16,14,106608.53,0.0,0.0,-64
18148,20,20,0,2217810.16,0.289486074351528,0.40470440235632166,76.747378309032
18150,20,20,2,2313320.081,0.40290982838288814,0.5425620979186235,157.50228572384
18152,20,20,4,2318570.0239999993,0.3507935886731026,0.5961532689400946,166.180873399616
18154,20,20,6,2315520.0189999994,0.35505786543008583,0.6910416569505425,201.52649326468003
18156,20,20,8,2311200.0089999996,0.3803971901958535,0.7345301028962277,222.60585893814402
18158,20,20,10,2258920.012,0.3544155519196312,0.514651767388123,132.48815459268002
18160,20,20,12,2105768.173,0.2739818744361388,0.17930738675048577,-6.878067815247999
18162,20,20,14,56467.68499999999,0.0,0.0,-44
18208,20,24,0,2222680.0859999997,0.4415846489986602,0.5603960251719672,167.65376976383197
18210,20,24,2,2302520.0209999997,0.584937867970816,0.6282467116163007,230.61774584664803
18212,20,24,4,2335860.01,0.6235608308155808,0.7605276717980597,286.64099604885604
18214,20,24,6,2337490.002,0.5787809851366528,0.831192965316247,302.13919325592
18216,20,24,8,2332440.001,0.6685995715843457,0.6901214947701897,272.030591323288
18218,20,24,10,2315460,0.7440907960828949,0.5035413624080227,222.08052066367202
18220,20,24,12,2224306.193,0.6840999125127105,0.3243653859565825,142.030204147936
18222,20,24,14,71480.69600000001,0.008126810698555592,0.005688764686048942,-59.058464098008
18268,20,28,0,2294400.047,0.42488231138612215,0.4975240461884547,147.69312113967996
18270,20,28,2,2312850.0330000003,0.6864365711793241,0.8042172351928082,317.317010642736
18272,20,28,4,2303560.0159999994,0.7822184081890584,0.8274224008557811,347.248416367736
18274,20,28,6,2298960.002,0.8057859222798494,0.8780459304882632,370.967318031864
18276,20,28,8,2304000,0.8700437085107379,0.6738047631566579,312.0849684653441
18278,20,28,10,2302830,1.0237874285996795,0.3980361867605685,247.43495067850404
18280,20,28,12,2219520.0889999997,0.868722366200393,0.2483173089759477,155.80871841804
18282,20,28,14,360952.215,0.21123364297279348,0.07327753851298018,-28.037624777551997
18328,20,32,0,2155560.085,0.2728911115120961,0.3170032646866651,41.714430260776005
18330,20,32,2,2315520.032,0.59749999175,0.7988541556250001,295.31498081760003
18332,20,32,4,2315430.031,0.7143216054218892,1.0826155239252868,424.0624396423679
18334,20,32,6,2310960.018,0.781294556191439,1.1862464293088322,476.46137755134407
18336,20,32,8,2298390.002,1.0358484598836053,0.6533330903332297,342.1171700305921
18338,20,32,10,2290710,1.1467205593133176,0.37250061883117463,266.062930478416
18340,20,32,12,2209930.072,0.9418295470012745,0.28014903049555284,185.01938221905596
18342,20,32,14,492694,0.4563802717905759,0.13337270567224283,11.4344652928
18388,20,36,0,1971560.300000001,0.03488039051547141,0.04186734296607614,-105.720260452376
18390,20,36,2,2221560.0569999996,0.3997392698211021,0.5834195607045165,164.94952834147196
18392,20,36,4,2315520.032,0.5003009190312502,0.8839583211562502,303.96918515984805
18394,20,36,6,2315520.032,0.5510532332187502,1.04586804109375,373.8276641942
18396,20,36,8,2315100.0280000004,0.7090268048319606,0.8656984423712967,344.67782243964797
18398,20,36,10,2310390.016,0.8255127181163612,0.5106186119262236,243.14000727448
18400,20,36,12,2201750.143,0.7443596426994405,0.26311002317476556,134.36316729294398
18402,20,36,14,447525.735,0.4267895524068623,0.16670280109292357,13.980642071856
18448,20,40,0,1958680.3720000014,0.0005473071804285172,0.0006567686039588285,-127.640862624304
18450,20,40,2,1991040.3010000007,0.05320856494077378,0.06844562431800931,-94.981268859336
18452,20,40,4,2085400.1860000002,0.13693007033016535,0.24446933190129563,-18.317338413808006
18454,20,40,6,2202160.0869999994,0.2680778732093872,0.5538142265057987,122.702450052016
18456,20,40,8,2268360.0219999994,0.4110807714956497,0.6301844365933778,188.57202863596802
18458,20,40,10,2303280.011,0.4830394831213185,0.4142150251035832,130.27757987817597
18460,20,40,12,2234080,0.40076269048386803,0.22825715896818372,44.18745988796001
18462,20,40,14,270405.945,0.20188404273210875,0.11142507517028295,-23.141066148336
18508,20,44,0,1958400.3840000015,0.0,0.0,-128
18510,20,44,2,1958400.3840000015,0.0,0.0,-128
18512,20,44,4,1958400.3840000015,0.0,0.0,-128
18514,20,44,6,1958400.3840000015,0.0,0.0,-128
18516,20,44,8,1958400.3840000015,0.0,0.0,-128
18518,20,44,10,1968760.336000001,0.013925715050102464,0.010917325000720651,-121.310902435272
18520,20,44,12,1989326.2290000005,0.04318607158930692,0.026342381695023627,-109.74126652725599
18522,20,44,14,78784.46600000001,0.030134010948097305,0.018571058892332907,-52.579647925664
18568,20,48,0,1958400.3840000015,0.0,0.0,-128
18570,20,48,2,1958400.3840000015,0.0,0.0,-128
18572,20,48,4,1958400.3840000015,0.0,0.0,-128
18574,20,48,6,1958400.3840000015,0.0,0.0,-128
18576,20,48,8,1958400.3840000015,0.0,0.0,-128
18578,20,48,10,1958400.3840000015,0.0,0.0,-128
18580,20,48,12,1848740.0560000008,0.0,0.0,-128
18582,20,48,14,832.196,0,0,-4
18625,20,52,0,1958400.3840000015,0.0,0.0,-128
18627,20,52,2,1958400.3840000015,0.0,0.0,-128
18629,20,52,4,1958400.3840000015,0.0,0.0,-128
18631,20,52,6,1958400.3840000015,0.0,0.0,-128
18633,20,52,8,1958400.3840000015,0.0,0.0,-128
18635,20,52,10,1958400.3840000015,0.0,0.0,-128
18637,20,52,12,1668485.2450000008,0.0,0.0,-128
18681,20,56,0,1958400.3840000015,0.0,0.0,-128
18683,20,56,2,1958400.3840000015,0.0,0.0,-128
18685,20,56,4,1958400.3840000015,0.0,0.0,-128
18687,20,56,6,1958400.3840000015,0.0,0.0,-128
18689,20,56,8,1958400.3840000015,0.0,0.0,-128
18691,20,56,10,1958400.3840000015,0.0,0.0,-128
18693,20,56,12,1585356.9810000006,0.0,0.0,-128
21392,24,0,0,1958400.3840000015,0.0,0.0,-128
21394,24,0,2,1958400.3840000015,0.0,0.0,-128
21396,24,0,4,1958400.3840000015,0.0,0.0,-128
21398,24,0,6,1958400.3840000015,0.0,0.0,-128
21400,24,0,8,1958400.3840000015,0.0,0.0,-128
21402,24,0,10,1958400.3840000015,0.0,0.0,-128
21404,24,0,12,1761077.1490000007,0.0,0.0,-128
21448,24,3,14,44.739,0,0,-4
21449,24,4,0,1958400.3840000015,0.0,0.0,-128
21451,24,4,2,1958400.3840000015,0.0,0.0,-128
21453,24,4,4,1958400.3840000015,0.0,0.0,-128
21455,24,4,6,1958400.3840000015,0.0,0.0,-128
21457,24,4,8,1958400.3840000015,0.0,0.0,-128
21459,24,4,10,1958400.3840000015,0.0,0.0,-128
21461,24,4,12,1832238.5370000007,0.0,0.0,-128
21463,24,4,14,642.9749999999999,0.0,0.0,-12
21508,24,8,0,1958400.3840000015,0.0,0.0,-128
21510,24,8,2,1958400.3840000015,0.0,0.0,-128
21512,24,8,4,1958400.3840000015,0.0,0.0,-128
21514,24,8,6,1958400.3840000015,0.0,0.0,-128
21516,24,8,8,1958400.3840000015,0.0,0.0,-128
21518,24,8,10,1958400.3840000015,0.0,0.0,-128
21520,24,8,12,1871788.9060000004,0.0,0.0,-128
21522,24,8,14,12941.245,0.0,0.0,-24
21568,24,12,0,1958400.3840000015,0.0,0.0,-128
21570,24,12,2,1958400.3840000015,0.0,0.0,-128
21572,24,12,4,1958400.3840000015,0.0,0.0,-128
21574,24,12,6,1958400.3840000015,0.0,0.0,-128
21576,24,12,8,1958400.3840000015,0.0,0.0,-128
21578,24,12,10,1958400.3840000015,0.0,0.0,-128
21580,24,12,12,1964829.4430000007,0.0,0.0,-128
21582,24,12,14,88737.62500000001,0.0,0.0,-60
21628,24,16,0,1958680.3720000014,0.0005062591152161703,0.000588355214252384,-127.674672121224
21630,24,16,2,2012440.2540000011,0.051710551815971215,0.06524079138362959,-95.823437523584
21632,24,16,4,2030120.2700000014,0.04084447381716487,0.06141192376668721,-99.50047595438399
21634,24,16,6,1989840.3130000015,0.015771515268204774,0.021818834218730244,-117.78787562674401
21636,24,16,8,1959080.3720000014,0.0002051982647499057,0.0002735976863332076,-127.856437271624
21638,24,16,10,1958400.3840000015,0.0,0.0,-128
21640,24,16,12,1871446.1160000004,0.0,0.0,-128
21642,24,16,14,29850.955000000005,0.0,0.0,-24
21687,24,20,0,2260680.0770000005,0.523753366667652,0.4735415292187408,150.02714770446403
21689,24,20,2,2332170.0,0.5325270871473149,0.5259477208415101,179.55685435223205
21691,24,20,4,2327620.0209999997,0.3583551847446098,0.5076128796012651,134.534891725912
21693,24,20,6,2275380.013,0.22272978263686843,0.2962568408166585,27.195974018088
21695,24,20,8,2207440.0610000007,0.13702061372194188,0.15693145971494185,-43.606712837863995
21697,24,20,10,2094400.145000001,0.08696179323345601,0.07909223711047891,-83.452763311968
21699,24,20,12,1655230.5010000004,0.05398126152418686,0.03684760747921356,-105.82958250398401
21743,24,24,0,2310920.2189999996,0.635369516576671,0.686671768266314,263.10414865051206
21745,24,24,2,2359949.999,0.7690417763903994,0.6239072700991369,270.97286444739194
21747,24,24,4,2375480,0.8180742402380653,0.6358357881237771,286.516794775784
21749,24,24,6,2372990,0.7647792007962865,0.7783866329242053,325.779142906128
21751,24,24,8,2351290,0.6950287585770281,0.6015866473926738,245.85774085588793
21753,24,24,10,2315520,0.66980323153125,0.5027083264375001,204.95083098346402
21755,24,24,12,2116671.7290000003,0.534153683549573,0.20165677225155929,60.32611093400799
21785,24,24,14,31635.920999999995,0.0,0.0,-32
21801,24,28,0,2289020.0949999997,0.49324382409263545,0.5074700437331274,166.035497701016
21803,24,28,2,2300420.0039999997,0.749716518789837,0.5661946869840035,245.76970236276802
21805,24,28,4,2310240.008,0.8028812148396216,0.6950750776727999,304.56670510608797
21807,24,28,6,2319310,0.7926258617161138,0.7563733108861127,324.3631180433839
21809,24,28,8,2315360,0.8928855732321237,0.5687945698975364,279.2498509624241
21811,24,28,10,2314530,0.9347958960832001,0.37000275660773035,217.16627955045607
21813,24,28,12,2234040,0.7521268358437987,0.14343841991394965,92.909459569712
21815,24,28,14,275115.07800000004,0.12129637536905917,0.03862228857639711,-46.525398837295995
21861,24,32,0,2170200.0730000003,0.4431841990389551,0.3883048362462586,102.96884398604003
21863,24,32,2,2314440.0280000004,0.8482392025539344,0.7078169940892007,319.27035981
21865,24,32,4,2306460.016,0.8436816528153982,0.8532853458499056,370.450141334128
21867,24,32,6,2293980.003,0.8139703894820953,0.9126683157675998,385.1297758944802
21869,24,32,8,2290200,0.8759581286121169,0.7205696858729895,330.20474915532805
21871,24,32,10,2295240,0.9203802449563184,0.4859808426924767,255.806127696344
21873,24,32,12,2228640,0.8334234310802688,0.27763124263654965,159.50642031327197
21875,24,32,14,398802,0.2918050082833085,0.10093322156677749,-14.265522886967998
21921,24,36,0,2004680.2590000012,0.11970346935520068,0.11045231908838055,-65.84488344837601
21923,24,36,2,2280800.032,0.5123819614206422,0.504509285076816,168.03318490786398
21925,24,36,4,2315520.032,0.52374999284375,0.7085416568437499,246.05322150469598
21927,24,36,6,2314050.027,0.5967158214110323,0.9245075656099785,340.45178162884804
21929,24,36,8,2304720.012,0.756929231764004,0.6954237422885566,294.2316909222321
21931,24,36,10,2294310.003,0.858282731169708,0.3809217185134822,203.90278449855995
21933,24,36,12,2214240.018,0.8163275577845873,0.27136699067859454,154.11057252015195
21935,24,36,14,357340.179,0.5088654396223651,0.13430840876384534,16.4274177592
21981,24,40,0,1959800.3720000014,0.0036785373437004305,0.0038426356518724016,-125.82958394012
21983,24,40,2,2053200.227000001,0.15010712808808793,0.18455345105599072,-36.089535516375996
21985,24,40,4,2150680.16,0.2123882507453097,0.3840160007889789,47.327342192679986
21987,24,40,6,2280400.0249999994,0.3276312855499251,0.6783441352315973,188.17526912837602
21989,24,40,8,2309760.031,0.3826996689313747,0.5423792870225086,153.84317754424
21991,24,40,10,2314860.027,0.43167663556647184,0.3166396601671699,83.94231172385601
21993,24,40,12,2227092.018,0.3664627260609574,0.15796988858523342,11.751232818344
21995,24,40,14,157505.89100000003,0.16187224628959726,0.05016489541482421,-45.729014990775994
22041,24,44,0,1958400.3840000015,0.0,0.0,-128
22043,24,44,2,1958400.3840000015,0.0,0.0,-128
22045,24,44,4,1958400.3840000015,0.0,0.0,-128
22047,24,44,6,1960600.3600000013,0.0022691004246678794,0.004114453136099595,-126.038984547256
22049,24,44,8,1966160.3240000014,0.010004879095037616,0.012008581078538732,-121.67295132154399
22051,24,44,10,2002240.288000001,0.0497386789583968,0.04180137090153285,-103.44654367647999
22053,24,44,12,1960548.9420000007,0.05276513555842462,0.03334938830926872,-105.78603784697601
22055,24,44,14,3231.3160000000003,0.0,0.0,-12
22098,24,48,0,1958400.3840000015,0.0,0.0,-128
22100,24,48,2,1958400.3840000015,0.0,0.0,-128
22102,24,48,4,1958400.3840000015,0.0,0.0,-128
22104,24,48,6,1958400.3840000015,0.0,0.0,-128
22106,24,48,8,1958400.3840000015,0.0,0.0,-128
22108,24,48,10,1958400.3840000015,0.0,0.0,-128
22110,24,48,12,1730430.7410000006,0.0,0.0,-128
22154,24,52,0,1958400.3840000015,0.0,0.0,-128
22156,24,52,2,1958400.3840000015,0.0,0.0,-128
22158,24,52,4,1958400.3840000015,0.0,0.0,-128
22160,24,52,6,1958400.3840000015,0.0,0.0,-128
22162,24,52,8,1958400.3840000015,0.0,0.0,-128
22164,24,52,10,1958400.3840000015,0.0,0.0,-128
22166,24,52,12,1702487.4240000003,0.0,0.0,-128
22210,24,56,0,1958400.3840000015,0.0,0.0,-128
22212,24,56,2,1958400.3840000015,0.0,0.0,-128
22214,24,56,4,1958400.3840000015,0.0,0.0,-128
22216,24,56,6,1958400.3840000015,0.0,0.0,-128
22218,24,56,8,1958400.3840000015,0.0,0.0,-128
22220,24,56,10,1958400.3840000015,0.0,0.0,-128
22222,24,56,12,1589845.2540000004,0.0,0.0,-128
24858,28,0,0,1958400.3840000015,0.0,0.0,-128
24860,28,0,2,1958400.3840000015,0.0,0.0,-128
24862,28,0,4,1958400.3840000015,0.0,0.0,-128
24864,28,0,6,1958400.3840000015,0.0,0.0,-128
24866,28,0,8,1958400.3840000015,0.0,0.0,-128
24868,28,0,10,1958400.3840000015,0.0,0.0,-128
24870,28,0,12,1272520.1770000001,0.0,0.0,-128
24914,28,4,0,1958400.3840000015,0.0,0.0,-128
24916,28,4,2,1958400.3840000015,0.0,0.0,-128
24918,28,4,4,1958400.3840000015,0.0,0.0,-128
24920,28,4,6,1958400.3840000015,0.0,0.0,-128
24922,28,4,8,1958400.3840000015,0.0,0.0,-128
24924,28,4,10,1958400.3840000015,0.0,0.0,-128
24926,28,4,12,1518231.1790000007,0.0,0.0,-128
24970,28,8,0,1958400.3840000015,0.0,0.0,-128
24972,28,8,2,1958400.3840000015,0.0,0.0,-128
24974,28,8,4,1958400.3840000015,0.0,0.0,-128
24976,28,8,6,1958400.3840000015,0.0,0.0,-128
24978,28,8,8,1958400.3840000015,0.0,0.0,-128
24980,28,8,10,1958400.3840000015,0.0,0.0,-128
24982,28,8,12,1739988.2440000006,0.0,0.0,-128
25026,28,12,0,1958400.3840000015,0.0,0.0,-128
25028,28,12,2,1958400.3840000015,0.0,0.0,-128
25030,28,12,4,1958400.3840000015,0.0,0.0,-128
25032,28,12,6,1958400.3840000015,0.0,0.0,-128
25034,28,12,8,1958400.3840000015,0.0,0.0,-128
25036,28,12,10,1958400.3840000015,0.0,0.0,-128
25038,28,12,12,1653538.2990000003,0.0,0.0,-128
25082,28,16,0,1958400.3840000015,0.0,0.0,-128
25084,28,16,2,1960640.3600000013,0.0013942381656572643,0.0022553852548868256,-126.890191173424
25086,28,16,4,1969960.3240000014,0.004639077492486592,0.007264713801474505,-124.473960985488
25088,28,16,6,1959080.3720000014,0.00016415863075167381,0.00025991780833379695,-127.870514624008
25090,28,16,8,1958400.3840000015,0.0,0.0,-128
25092,28,16,10,1958400.3840000015,0.0,0.0,-128
25094,28,16,12,1558882.7310000006,0.0,0.0,-128
25138,28,20,0,2246080.0960000004,0.2186994122590316,0.27582471237133227,14.11872053256
25140,28,20,2,2273540.0360000003,0.2629075306203745,0.33535054706474154,46.962688307896
25142,28,20,4,2298540.024,0.22911530471385008,0.3039363201509882,30.460787118663998
25144,28,20,6,2226070.0609999998,0.13733830962028254,0.2120950304530211,-24.169951802944002
25146,28,20,8,2115280.168000001,0.09006901122873852,0.11658672675405139,-70.4032615566
25148,28,20,10,2055960.216000001,0.07100312127273184,0.0689435482186587,-90.815975183368
25150,28,20,12,1515428.2880000004,0.054420502529849035,0.037924112631658846,-104.578004718688
25194,28,24,0,2234810.086,0.2790757448250338,0.3815019410935233,64.29123505727202
25196,28,24,2,2345920.05,0.3966108302858915,0.5090515758776828,144.873583521152
25198,28,24,4,2344990.004,0.4541290458735068,0.5418721429623864,170.16327172234395
25200,28,24,6,2339810,0.4590077700548977,0.5923671832943743,189.273137881176
25202,28,24,8,2322380,0.46144583891938873,0.567483868086984,180.822975309992
25204,28,24,10,2314960,0.4416924637353733,0.5173126027965235,158.48792172098402
25206,28,24,12,1942390.5429999998,0.3462146476587281,0.20774892584195948,17.968688189095996
25236,28,24,14,2088.016,0.0,0.0,-12
25252,28,28,0,2258960.269,0.4094683425824198,0.43631056031537696,120.32600823953598
25254,28,28,2,2305130.039,0.3972001064709594,0.4711842200715654,132.013648183896
25256,28,28,4,2314110.0239999997,0.3905359597234645,0.602712905916653,177.77175986692802
25258,28,28,6,2315400.016,0.418452268984344,0.5945234850215596,181.10289303514404
25260,28,28,8,2315520.0020000003,0.4511111048452489,0.5469097147335941,171.33624480521596
25262,28,28,10,2302600,0.4482418049696864,0.4480439412314775,134.1193905708
25264,28,28,12,2179281.3030000003,0.34210796909805113,0.14678276528191794,0.7123597888080013
25266,28,28,14,91398.112,0.012328238399049207,0.004437870480803805,-50.960787637032
25312,28,32,0,2146790.171,0.3877807597078998,0.3376318494680716,72.057843528912
25314,28,32,2,2297730.036,0.6974871283592359,0.5455986021458039,226.47343817967993
25316,28,32,4,2296020,0.627195321467975,0.6776144763557373,258.355161889504
25318,28,32,6,2299110.0039999997,0.587934845488901,0.7434157203796214,273.26325684852
25320,28,32,8,2303580.0039999997,0.613031423527911,0.5883895093552498,223.19818716628004
25322,28,32,10,2310630.001,0.6415855426699301,0.4047252214472232,163.30168491453597
25324,28,32,12,2232410,0.567792778661169,0.19144026256567118,68.10275544322398
25326,28,32,14,159931.565,0.04184402516148703,0.02481280785589136,-57.55546874092
25372,28,36,0,1993400.264000001,0.06536649534044606,0.05889975648609624,-93.435929402136
25374,28,36,2,2282500.0409999997,0.4302062481513182,0.45964177930200945,133.69290035159997
25376,28,36,4,2308500.0270000002,0.49597881669677035,0.762902304008294,259.17214452134397
25378,28,36,6,2298420.006,0.49681319994995005,0.7598827948985205,258.23379571483997
25380,28,36,8,2291100,0.5438088683734974,0.6221633548065209,219.40605011083204
25382,28,36,10,2290560,0.5814648697428881,0.37329783481570883,138.35078804103196
25384,28,36,12,2186330.1610000003,0.5196218471403478,0.28503868976792573,90.24810275168801
25386,28,36,14,145945.27999999997,0.10727346030029887,0.035367335628819246,-52.043746108632
25432,28,40,0,1958400.3840000015,0.0,0.0,-128
25434,28,40,2,1983200.2990000013,0.025702697361287913,0.03510810071212798,-111.199013109848
25436,28,40,4,2077320.2080000013,0.11424044906307941,0.225526514567479,-29.870124925576
25438,28,40,6,2156490.1250000005,0.18562551502851762,0.38953175347712565,43.829458421384004
25440,28,40,8,2209510.0530000003,0.2451385841859011,0.3943901716938117,62.78810011808001
25442,28,40,10,2236410.0480000004,0.2927221718512927,0.28228017181614373,36.443530698184
25444,28,40,12,2139604.8249999997,0.2615191780166851,0.20363850660513555,2.350682067320005
25446,28,40,14,82716.962,0.007060568567157967,0.0025674761315339413,-59.412819130328
25492,28,44,0,1958400.3840000015,0.0,0.0,-128
25494,28,44,2,1958400.3840000015,0.0,0.0,-128
25496,28,44,4,1958400.3840000015,0.0,0.0,-128
25498,28,44,6,1958400.3840000015,0.0,0.0,-128
25500,28,44,8,1958400.3840000015,0.0,0.0,-128
25502,28,44,10,1958400.3840000015,0.0,0.0,-128
25504,28,44,12,1841496.2890000008,0.004783644339622124,0.0033224278731652642,-125.923545435704
25506,28,44,14,2006.781,0.0,0.0,-8
25549,28,48,0,1958400.3840000015,0.0,0.0,-128
25551,28,48,2,1958400.3840000015,0.0,0.0,-128
25553,28,48,4,1958400.3840000015,0.0,0.0,-128
25555,28,48,6,1958400.3840000015,0.0,0.0,-128
25557,28,48,8,1958400.3840000015,0.0,0.0,-128
25559,28,48,10,1958400.3840000015,0.0,0.0,-128
25561,28,48,12,1865020.245000001,0.0,0.0,-128
27304,28,48,14,5999.011,0.0,0.0,-20
25605,28,52,0,1958400.3840000015,0.0,0.0,-128
25607,28,52,2,1958400.3840000015,0.0,0.0,-128
25609,28,52,4,1958400.3840000015,0.0,0.0,-128
25611,28,52,6,1958400.3840000015,0.0,0.0,-128
25613,28,52,8,1958400.3840000015,0.0,0.0,-128
25615,28,52,10,1958400.3840000015,0.0,0.0,-128
25617,28,52,12,1854936.1820000005,0.0,0.0,-128
28220,28,52,14,6186.795,0.0,0.0,-8
25661,28,56,0,1958400.3840000015,0.0,0.0,-128
25663,28,56,2,1958400.3840000015,0.0,0.0,-128
25665,28,56,4,1958400.3840000015,0.0,0.0,-128
25667,28,56,6,1958400.3840000015,0.0,0.0,-128
25669,28,56,8,1958400.3840000015,0.0,0.0,-128
25671,28,56,10,1958400.3840000015,0.0,0.0,-128
25673,28,56,12,1692956.9380000005,0.0,0.0,-128
27390,28,56,14,3333.695,0.0,0.0,-16
28294,32,0,0,1958400.3840000015,0.0,0.0,-128
28296,32,0,2,1958400.3840000015,0.0,0.0,-128
28298,32,0,4,1958400.3840000015,0.0,0.0,-128
28300,32,0,6,1958400.3840000015,0.0,0.0,-128
28302,32,0,8,1958400.3840000015,0.0,0.0,-128
28304,32,0,10,1958400.3840000015,0.0,0.0,-128
28306,32,0,12,1289940.045,0.0,0.0,-128
28350,32,4,0,1958400.3840000015,0.0,0.0,-128
28352,32,4,2,1958400.3840000015,0.0,0.0,-128
28354,32,4,4,1958400.3840000015,0.0,0.0,-128
28356,32,4,6,1958400.3840000015,0.0,0.0,-128
28358,32,4,8,1958400.3840000015,0.0,0.0,-128
28360,32,4,10,1958400.3840000015,0.0,0.0,-128
28362,32,4,12,1247029.797,0.0,0.0,-128
28406,32,8,0,1958400.3840000015,0.0,0.0,-128
28408,32,8,2,1958400.3840000015,0.0,0.0,-128
28410,32,8,4,1958400.3840000015,0.0,0.0,-128
28412,32,8,6,1958400.3840000015,0.0,0.0,-128
28414,32,8,8,1958400.3840000015,0.0,0.0,-128
28416,32,8,10,1958400.3840000015,0.0,0.0,-128
28418,32,8,12,1328925.4500000004,0.0,0.0,-128
28462,32,12,0,1958400.3840000015,0.0,0.0,-128
28464,32,12,2,1958400.3840000015,0.0,0.0,-128
28466,32,12,4,1958400.3840000015,0.0,0.0,-128
28468,32,12,6,1958400.3840000015,0.0,0.0,-128
28470,32,12,8,1958400.3840000015,0.0,0.0,-128
28472,32,12,10,1958400.3840000015,0.0,0.0,-128
28474,32,12,12,1312086.4730000005,0.0,0.0,-128
28518,32,16,0,1958400.3840000015,0.0,0.0,-128
28520,32,16,2,1958400.3840000015,0.0,0.0,-128
28522,32,16,4,1958400.3840000015,0.0,0.0,-128
28524,32,16,6,1958400.3840000015,0.0,0.0,-128
28526,32,16,8,1958400.3840000015,0.0,0.0,-128
28528,32,16,10,1958400.3840000015,0.0,0.0,-128
28530,32,16,12,1315575.7450000003,0.0,0.0,-128
28574,32,20,0,2230300.0960000004,0.17537213819951336,0.2367764305983108,-9.384450547103999
28576,32,20,2,2183860.077,0.14429276014161838,0.22342667560021034,-22.930031972256003
28578,32,20,4,2193200.095,0.10501481215294473,0.201985989852927,-36.573127401655995
28580,32,20,6,2145130.1220000004,0.07027149351211286,0.154372637383608,-60.95555221610399
28582,32,20,8,2043320.241000001,0.03390461930526501,0.04833211712443569,-105.11945005314399
28584,32,20,10,1959760.3600000013,0.0003418784750192618,0.0003555536064419629,-127.79650367099201
28586,32,20,12,1365803.338,0.0,0.0,-128
28630,32,24,0,2059610.2460000012,0.08275711112339955,0.12323292312861438,-71.17036201143999
28632,32,24,2,2254840.0379999997,0.18504474307996466,0.33735847272908664,31.391030758071988
28634,32,24,4,2316910.0299999993,0.20843990126144823,0.4546392742824967,82.368958375464
28636,32,24,6,2305840.0189999994,0.23908948073873168,0.5437410542170193,121.231445788032
28638,32,24,8,2304240.0059999996,0.3000729034966078,0.39686386049684597,82.87225777864002
28640,32,24,10,2213120.0360000003,0.1783865184354058,0.11751155919985536,-47.731235118144
28642,32,24,12,1559977.5420000001,0.06463627832278278,0.04766925131508202,-100.46439380219199
28686,32,28,0,2012720.2740000016,0.04309828695339569,0.05846495190210491,-100.04858744724
28688,32,28,2,2182040.072,0.09059265120832301,0.15592105533012443,-54.133440058104
28690,32,28,4,2247240.023,0.10700966182690053,0.21549811535612984,-27.808435661447994
28692,32,28,6,2235400.078,0.15978812999149478,0.3279684938154368,21.705051622895986
28694,32,28,8,2197440.083000001,0.19913643689251517,0.27380040372606723,10.211196089832002
28696,32,28,10,2096640.122000001,0.1282837137577882,0.0978489266869692,-67.96241639960002
28698,32,28,12,1838012.4290000007,0.08417169505785607,0.054122380908602385,-92.09896569500799
28742,32,32,0,2126970.2510000006,0.1538697423541121,0.15724811717800055,-41.345088728031996
28744,32,32,2,2155590.139000001,0.19800533140354684,0.19048410026545773,-20.551616121904004
28746,32,32,4,2187790.091000001,0.1517328267859199,0.15069182255922464,-43.35615206279199
28748,32,32,6,2179810.0700000003,0.12710758344866718,0.13575329029071004,-54.143201665911995
28750,32,32,8,2147170.133000001,0.11571220681346175,0.10978249454433509,-66.48150149259999
28752,32,32,10,2087440.2010000015,0.0926825081796492,0.07292376239603453,-84.6666124444
28754,32,32,12,1963590.6060000008,0.05371961808238349,0.01670615547219367,-111.658389530968
28770,32,32,14,2092.8500000000004,0.0,0.0,-12
28801,32,36,0,2060340.226,0.11429436548419115,0.1294158955696122,-59.302943725768
28803,32,36,2,2267510.266,0.27110243127629235,0.32625847758550147,49.930345886256006
28805,32,36,4,2289380.1829999997,0.21699914229269765,0.3369686738817807,42.339744967360005
28807,32,36,6,2243770.0910000005,0.1612835151727456,0.279766529466029,6.853757572088006
28809,32,36,8,2166100.090000001,0.12570284280006067,0.16338027116409445,-44.58187652852
28811,32,36,10,2078730.168000001,0.0899947274350857,0.08076096741316446,-81.978968389736
28813,32,36,12,2033604.4180000005,0.031933193729356844,0.026624542177651776,-112.26557569356
28815,32,36,14,20714.010000000006,0.0,0.0,-52
28861,32,40,0,1958400.3840000015,0.0,0.0,-128
28863,32,40,2,1963540.3480000012,0.0035816419704607955,0.006569458741501752,-124.97407601492799
28865,32,40,4,2025430.3000000007,0.04810044302834925,0.10489316188407867,-83.30422034108801
28867,32,40,6,2121050.2709999997,0.13070523880942958,0.29883976313173977,0.8667600229600021
28869,32,40,8,2217900.238999999,0.21894950329647198,0.3394984688293055,39.586989975296
28871,32,40,10,2237150.0979999993,0.22602954378632492,0.20794417126148168,-3.343753549759996
28873,32,40,12,2095821.2170000002,0.14920297793041185,0.1208910166152556,-52.757381433832
28875,32,40,14,7012.903,0.0,0.0,-28
28919,32,44,0,1958400.3840000015,0.0,0.0,-128
28921,32,44,2,1958400.3840000015,0.0,0.0,-128
28923,32,44,4,1958400.3840000015,0.0,0.0,-128
28925,32,44,6,1958400.3840000015,0.0,0.0,-128
28927,32,44,8,1958400.3840000015,0.0,0.0,-128
28929,32,44,10,1958400.3840000015,0.0,0.0,-128
28931,32,44,12,1875987.4340000006,0.007537115625501569,0.007726178189420643,-123.386992054928
28975,32,48,0,1958400.3840000015,0.0,0.0,-128
28977,32,48,2,1958400.3840000015,0.0,0.0,-128
28979,32,48,4,1958400.3840000015,0.0,0.0,-128
28981,32,48,6,1958400.3840000015,0.0,0.0,-128
28983,32,48,8,1958400.3840000015,0.0,0.0,-128
28985,32,48,10,1958400.3840000015,0.0,0.0,-128
28987,32,48,12,1750840.5770000007,0.0,0.0,-128
29003,32,48,14,980.539,0.0,0.0,-8
29033,32,52,0,1958400.3840000015,0.0,0.0,-128
29035,32,52,2,1958400.3840000015,0.0,0.0,-128
29037,32,52,4,1958400.3840000015,0.0,0.0,-128
29039,32,52,6,1958400.3840000015,0.0,0.0,-128
29041,32,52,8,1958400.3840000015,0.0,0.0,-128
29043,32,52,10,1958400.3840000015,0.0,0.0,-128
29045,32,52,12,1745368.4200000006,0.0,0.0,-128
29075,32,52,14,10365.134,0.0,0.0,-12
29091,32,56,0,1958400.3840000015,0.0,0.0,-128
29093,32,56,2,1958400.3840000015,0.0,0.0,-128
29095,32,56,4,1958400.3840000015,0.0,0.0,-128
29097,32,56,6,1958400.3840000015,0.0,0.0,-128
29099,32,56,8,1958400.3840000015,0.0,0.0,-128
29101,32,56,10,1958400.3840000015,0.0,0.0,-128
29103,32,56,12,1652880.0020000003,0.0,0.0,-128
29105,32,56,14,9180.140000000001,0.0,0.0,-16
31686,36,0,0,1958400.3840000015,0.0,0.0,-128
31688,36,0,2,1958400.3840000015,0.0,0.0,-128
31690,36,0,4,1958400.3840000015,0.0,0.0,-128
31692,36,0,6,1958400.3840000015,0.0,0.0,-128
31694,36,0,8,1958400.3840000015,0.0,0.0,-128
31696,36,0,10,1958400.3840000015,0.0,0.0,-128
31698,36,0,12,1036567.6459999998,0.0,0.0,-112
31742,36,4,0,1958400.3840000015,0.0,0.0,-128
31744,36,4,2,1958400.3840000015,0.0,0.0,-128
31746,36,4,4,1958400.3840000015,0.0,0.0,-128
31748,36,4,6,1958400.3840000015,0.0,0.0,-128
31750,36,4,8,1958400.3840000015,0.0,0.0,-128
31752,36,4,10,1958400.3840000015,0.0,0.0,-128
31754,36,4,12,1107493.23,0.0,0.0,-124
31798,36,8,0,1958400.3840000015,0.0,0.0,-128
31800,36,8,2,1958400.3840000015,0.0,0.0,-128
31802,36,8,4,1958400.3840000015,0.0,0.0,-128
31804,36,8,6,1958400.3840000015,0.0,0.0,-128
31806,36,8,8,1958400.3840000015,0.0,0.0,-128
31808,36,8,10,1958400.3840000015,0.0,0.0,-128
31810,36,8,12,1049493.676,0.0,0.0,-120
31854,36,12,0,1958400.3840000015,0.0,0.0,-128
31856,36,12,2,1958400.3840000015,0.0,0.0,-128
31858,36,12,4,1958400.3840000015,0.0,0.0,-128
31860,36,12,6,1958400.3840000015,0.0,0.0,-128
31862,36,12,8,1958400.3840000015,0.0,0.0,-128
31864,36,12,10,1958400.3840000015,0.0,0.0,-128
31866,36,12,12,997860.705,0.0,0.0,-112
31910,36,16,0,1958400.3840000015,0.0,0.0,-128
31912,36,16,2,1958400.3840000015,0.0,0.0,-128
31914,36,16,4,1958400.3840000015,0.0,0.0,-128
31916,36,16,6,1958400.3840000015,0.0,0.0,-128
31918,36,16,8,1958400.3840000015,0.0,0.0,-128
31920,36,16,10,1958400.3840000015,0.0,0.0,-128
31922,36,16,12,1040657.5620000002,0.0,0.0,-112
31966,36,20,0,2040200.2400000016,0.06054797552665709,0.08206056896287779,-89.356162788056
31968,36,20,2,2036740.2660000015,0.056871216746421906,0.08988077572253558,-87.82319492508
31970,36,20,4,2043480.2480000013,0.040488718562449906,0.08184850000562557,-93.149656121448
31972,36,20,6,1982840.3370000015,0.011042542275286914,0.021990472804496786,-118.64137075028
31974,36,20,8,1958400.3840000015,0.0,0.0,-128
31976,36,20,10,1958400.3840000015,0.0,0.0,-128
31978,36,20,12,1127249.1300000001,0.0,0.0,-128
32022,36,24,0,1983200.3480000014,0.02251915555979419,0.032669415308891406,-113.134033540952
32024,36,24,2,2056170.2170000013,0.06693769494859038,0.11928277509989689,-75.492225647016
32026,36,24,4,2100630.212000001,0.08444613085918082,0.1798199814097519,-50.690458121056
32028,36,24,6,2016240.2900000014,0.03793555300759864,0.07854281135570176,-94.556451585936
32030,36,24,8,1960440.3720000014,0.0010799612144286113,0.0017771513724570438,-127.142417125088
32032,36,24,10,1958400.3840000015,0.0,0.0,-128
32034,36,24,12,1232262.4510000001,0.0,0.0,-128
32078,36,28,0,1958400.3840000015,0.0,0.0,-128
32080,36,28,2,1958400.3840000015,0.0,0.0,-128
32082,36,28,4,1958400.3840000015,0.0,0.0,-128
32084,36,28,6,1958400.3840000015,0.0,0.0,-128
32086,36,28,8,1958400.3840000015,0.0,0.0,-128
32088,36,28,10,1958400.3840000015,0.0,0.0,-128
32090,36,28,12,1528341.7890000003,0.0,0.0,-128
32134,36,32,0,1958400.3840000015,0.0,0.0,-128
32136,36,32,2,1958680.3720000014,0.000205240200507814,0.0002189228784491029,-127.87514375012
32138,36,32,4,1958400.3840000015,0.0,0.0,-128
32140,36,32,6,1958400.3840000015,0.0,0.0,-128
32142,36,32,8,1958400.3840000015,0.0,0.0,-128
32144,36,32,10,1958400.3840000015,0.0,0.0,-128
32146,36,32,12,1768113.6400000006,0.0,0.0,-128
32190,36,36,0,2012300.3090000015,0.031934842686187306,0.03953335984607659,-108.467938171112
32192,36,36,2,2039360.2960000015,0.03709658134946478,0.053401595537702205,-102.758045198456
32194,36,36,4,2058240.2520000013,0.03392203463925758,0.05252705347479069,-103.64440419918401
32196,36,36,6,2008870.3110000016,0.015099928790858152,0.024578489342260184,-116.932946378248
32198,36,36,8,1966150.3480000014,0.002472597896048587,0.003501664478844827,-126.298176061272
32200,36,36,10,1958400.3840000015,0.0,0.0,-128
32202,36,36,12,1957393.085000001,0.0,0.0,-128
32232,36,36,14,1592.212,0.0,0.0,-8
32248,36,40,0,1958400.3840000015,0.0,0.0,-128
32250,36,40,2,1968300.3480000014,0.004119797340451414,0.007970326803650998,-124.446078327072
32252,36,40,4,2010290.2570000011,0.020043520404809424,0.03961516878367569,-110.337448975216
32254,36,40,6,2021450.2260000012,0.029802163387907612,0.05922276900953526,-101.84208270184
32256,36,40,8,2017840.2900000017,0.03561426082244978,0.04759910346173213,-104.89674476319999
32258,36,40,10,1971380.3240000014,0.008066935382474674,0.006858188538605902,-123.879892565936
32260,36,40,12,1983623.0810000002,0.0,0.0,-128
33130,36,40,14,20292.957,0.0,0.0,-32
32304,36,44,0,1958400.3840000015,0.0,0.0,-128
32306,36,44,2,1958400.3840000015,0.0,0.0,-128
32308,36,44,4,1958400.3840000015,0.0,0.0,-128
32310,36,44,6,1958680.3720000014,0.00010946142353031138,0.00024628823433168074,-127.886927384448
32312,36,44,8,1963920.3360000013,0.0018558793648338686,0.003698112585153248,-126.291199677592
32314,36,44,10,1958400.3840000015,0.0,0.0,-128
32316,36,44,12,1896102.1520000007,0.0,0.0,-128
33160,36,44,14,14336.024000000001,0.0,0.0,-24
32360,36,48,0,1958400.3840000015,0.0,0.0,-128
32362,36,48,2,1958400.3840000015,0.0,0.0,-128
32364,36,48,4,1958400.3840000015,0.0,0.0,-128
32366,36,48,6,1958400.3840000015,0.0,0.0,-128
32368,36,48,8,1958400.3840000015,0.0,0.0,-128
32370,36,48,10,1958400.3840000015,0.0,0.0,-128
32372,36,48,12,1602998.1170000003,0.0,0.0,-128
32416,36,52,0,1958400.3840000015,0.0,0.0,-128
32418,36,52,2,1958400.3840000015,0.0,0.0,-128
32420,36,52,4,1958400.3840000015,0.0,0.0,-128
32422,36,52,6,1958400.3840000015,0.0,0.0,-128
32424,36,52,8,1958400.3840000015,0.0,0.0,-128
32426,36,52,10,1958400.3840000015,0.0,0.0,-128
32428,36,52,12,1518299.9100000004,0.0,0.0,-128
32472,36,56,0,1958400.3840000015,0.0,0.0,-128
32474,36,56,2,1958400.3840000015,0.0,0.0,-128
32476,36,56,4,1958400.3840000015,0.0,0.0,-128
32478,36,56,6,1958400.3840000015,0.0,0.0,-128
32480,36,56,8,1958400.3840000015,0.0,0.0,-128
32482,36,56,10,1958400.3840000015,0.0,0.0,-128
32484,36,56,12,1565945.8010000004,0.0,0.0,-128
35047,40,0,0,1958400.3840000015,0.0,0.0,-128
35049,40,0,2,1958400.3840000015,0.0,0.0,-128
35051,40,0,4,1958400.3840000015,0.0,0.0,-128
35053,40,0,6,1958400.3840000015,0.0,0.0,-128
35055,40,0,8,1958400.3840000015,0.0,0.0,-128
35057,40,0,10,1958400.3840000015,0.0,0.0,-128
35059,40,0,12,712933.216,0.0,0.0,-64
35099,40,4,0,1958400.3840000015,0.0,0.0,-128
35101,40,4,2,1958400.3840000015,0.0,0.0,-128
35103,40,4,4,1958400.3840000015,0.0,0.0,-128
35105,40,4,6,1958400.3840000015,0.0,0.0,-128
35107,40,4,8,1958400.3840000015,0.0,0.0,-128
35109,40,4,10,1958400.3840000015,0.0,0.0,-128
35111,40,4,12,849770.812,0.0,0.0,-68
35151,40,8,0,1958400.3840000015,0.0,0.0,-128
35153,40,8,2,1958400.3840000015,0.0,0.0,-128
35155,40,8,4,1958400.3840000015,0.0,0.0,-128
35157,40,8,6,1958400.3840000015,0.0,0.0,-128
35159,40,8,8,1958400.3840000015,0.0,0.0,-128
35161,40,8,10,1958400.3840000015,0.0,0.0,-128
35163,40,8,12,850688.6359999999,0.0,0.0,-72
35205,40,12,0,1958400.3840000015,0.0,0.0,-128
35207,40,12,2,1958400.3840000015,0.0,0.0,-128
35209,40,12,4,1958400.3840000015,0.0,0.0,-128
35211,40,12,6,1958400.3840000015,0.0,0.0,-128
35213,40,12,8,1958400.3840000015,0.0,0.0,-128
35215,40,12,10,1958400.3840000015,0.0,0.0,-128
35217,40,12,12,1014280.6839999998,0.0,0.0,-116
35259,40,16,0,1958400.3840000015,0.0,0.0,-128
35261,40,16,2,1958400.3840000015,0.0,0.0,-128
35263,40,16,4,1958400.3840000015,0.0,0.0,-128
35265,40,16,6,1958400.3840000015,0.0,0.0,-128
35267,40,16,8,1958400.3840000015,0.0,0.0,-128
35269,40,16,10,1958400.3840000015,0.0,0.0,-128
35271,40,16,12,985726.4069999999,0.0,0.0,-108
35312,40,20,0,1958400.3840000015,0.0,0.0,-128
35314,40,20,2,1958400.3840000015,0.0,0.0,-128
35316,40,20,4,1958400.3840000015,0.0,0.0,-128
35318,40,20,6,1958400.3840000015,0.0,0.0,-128
35320,40,20,8,1958400.3840000015,0.0,0.0,-128
35322,40,20,10,1958400.3840000015,0.0,0.0,-128
35324,40,20,12,1081128.6300000001,0.0,0.0,-128
35368,40,24,0,1958400.3840000015,0.0,0.0,-128
35370,40,24,2,1958400.3840000015,0.0,0.0,-128
35372,40,24,4,1958400.3840000015,0.0,0.0,-128
35374,40,24,6,1958400.3840000015,0.0,0.0,-128
35376,40,24,8,1958400.3840000015,0.0,0.0,-128
35378,40,24,10,1958400.3840000015,0.0,0.0,-128
35380,40,24,12,1312169.5050000001,0.0,0.0,-128
35424,40,28,0,1958400.3840000015,0.0,0.0,-128
35426,40,28,2,1958400.3840000015,0.0,0.0,-128
35428,40,28,4,1958400.3840000015,0.0,0.0,-128
35430,40,28,6,1958400.3840000015,0.0,0.0,-128
35432,40,28,8,1958400.3840000015,0.0,0.0,-128
35434,40,28,10,1958400.3840000015,0.0,0.0,-128
35436,40,28,12,1544822.864,0.0,0.0,-128
35480,40,32,0,1958400.3840000015,0.0,0.0,-128
35482,40,32,2,1958400.3840000015,0.0,0.0,-128
35484,40,32,4,1958400.3840000015,0.0,0.0,-128
35486,40,32,6,1958400.3840000015,0.0,0.0,-128
35488,40,32,8,1958400.3840000015,0.0,0.0,-128
35490,40,32,10,1958400.3840000015,0.0,0.0,-128
35492,40,32,12,1643578.1150000007,0.0,0.0,-128
35536,40,36,0,1958400.3840000015,0.0,0.0,-128
35538,40,36,2,1958400.3840000015,0.0,0.0,-128
35540,40,36,4,1958400.3840000015,0.0,0.0,-128
35542,40,36,6,1958400.3840000015,0.0,0.0,-128
35544,40,36,8,1958400.3840000015,0.0,0.0,-128
35546,40,36,10,1958400.3840000015,0.0,0.0,-128
35548,40,36,12,1901098.6440000008,0.0,0.0,-128
35592,40,40,0,1958400.3840000015,0.0,0.0,-128
35594,40,40,2,1958400.3840000015,0.0,0.0,-128
35596,40,40,4,1958400.3840000015,0.0,0.0,-128
35598,40,40,6,1958400.3840000015,0.0,0.0,-128
35600,40,40,8,1958400.3840000015,0.0,0.0,-128
35602,40,40,10,1958400.3840000015,0.0,0.0,-128
35604,40,40,12,2007527.9510000004,0.0,0.0,-128
35606,40,40,14,61299.511,0.0,0.0,-64
35652,40,44,0,1958400.3840000015,0.0,0.0,-128
35654,40,44,2,1958400.3840000015,0.0,0.0,-128
35656,40,44,4,1958400.3840000015,0.0,0.0,-128
35658,40,44,6,1958400.3840000015,0.0,0.0,-128
35660,40,44,8,1958400.3840000015,0.0,0.0,-128
35662,40,44,10,1958400.3840000015,0.0,0.0,-128
35664,40,44,12,1839491.7790000008,0.0,0.0,-128
35666,40,44,14,16413.309,0.0,0.0,-24
35710,40,48,0,1958400.3840000015,0.0,0.0,-128
35712,40,48,2,1958400.3840000015,0.0,0.0,-128
35714,40,48,4,1958400.3840000015,0.0,0.0,-128
35716,40,48,6,1958400.3840000015,0.0,0.0,-128
35718,40,48,8,1958400.3840000015,0.0,0.0,-128
35720,40,48,10,1958400.3840000015,0.0,0.0,-128
35722,40,48,12,1558599.674,0.0,0.0,-128
35766,40,52,0,1958400.3840000015,0.0,0.0,-128
35768,40,52,2,1958400.3840000015,0.0,0.0,-128
35770,40,52,4,1958400.3840000015,0.0,0.0,-128
35772,40,52,6,1958400.3840000015,0.0,0.0,-128
35774,40,52,8,1958400.3840000015,0.0,0.0,-128
35776,40,52,10,1958400.3840000015,0.0,0.0,-128
35778,40,52,12,1823361.165000001,0.0,0.0,-128
35822,40,52,14,37112.557,0.0,0.0,-36
35823,40,56,0,1958400.3840000015,0.0,0.0,-128
35825,40,56,2,1958400.3840000015,0.0,0.0,-128
35827,40,56,4,1958400.3840000015,0.0,0.0,-128
35829,40,56,6,1958400.3840000015,0.0,0.0,-128
35831,40,56,8,1958400.3840000015,0.0,0.0,-128
35833,40,56,10,1958400.3840000015,0.0,0.0,-128
35835,40,56,12,1925771.0590000015,0.0,0.0,-128
35837,40,56,14,124789.484,0.0,0.0,-52
38398,44,0,0,1958400.3840000015,0.0,0.0,-128
38400,44,0,2,1958400.3840000015,0.0,0.0,-128
38402,44,0,4,1958400.3840000015,0.0,0.0,-128
38404,44,0,6,1958400.3840000015,0.0,0.0,-128
38406,44,0,8,1958400.3840000015,0.0,0.0,-128
38408,44,0,10,1958400.3840000015,0.0,0.0,-128
38410,44,0,12,905895.9299999999,0.0,0.0,-92
38450,44,4,0,1958400.3840000015,0.0,0.0,-128
38452,44,4,2,1958400.3840000015,0.0,0.0,-128
38454,44,4,4,1958400.3840000015,0.0,0.0,-128
38456,44,4,6,1958400.3840000015,0.0,0.0,-128
38458,44,4,8,1958400.3840000015,0.0,0.0,-128
38460,44,4,10,1958400.3840000015,0.0,0.0,-128
38462,44,4,12,1028032.3569999998,0.0,0.0,-112
38503,44,8,0,1958400.3840000015,0.0,0.0,-128
38505,44,8,2,1958400.3840000015,0.0,0.0,-128
38507,44,8,4,1958400.3840000015,0.0,0.0,-128
38509,44,8,6,1958400.3840000015,0.0,0.0,-128
38511,44,8,8,1958400.3840000015,0.0,0.0,-128
38513,44,8,10,1958400.3840000015,0.0,0.0,-128
38515,44,8,12,1068691.63,0.0,0.0,-116
38556,44,12,0,1958400.3840000015,0.0,0.0,-128
38558,44,12,2,1958400.3840000015,0.0,0.0,-128
38560,44,12,4,1958400.3840000015,0.0,0.0,-128
38562,44,12,6,1958400.3840000015,0.0,0.0,-128
38564,44,12,8,1958400.3840000015,0.0,0.0,-128
38566,44,12,10,1958400.3840000015,0.0,0.0,-128
38568,44,12,12,1269115.3670000003,0.0,0.0,-128
38612,44,16,0,1958400.3840000015,0.0,0.0,-128
38614,44,16,2,1958400.3840000015,0.0,0.0,-128
38616,44,16,4,1958400.3840000015,0.0,0.0,-128
38618,44,16,6,1958400.3840000015,0.0,0.0,-128
38620,44,16,8,1958400.3840000015,0.0,0.0,-128
38622,44,16,10,1958400.3840000015,0.0,0.0,-128
38624,44,16,12,1383219.0280000002,0.0,0.0,-128
38668,44,20,0,1958400.3840000015,0.0,0.0,-128
38670,44,20,2,1958400.3840000015,0.0,0.0,-128
38672,44,20,4,1958400.3840000015,0.0,0.0,-128
38674,44,20,6,1958400.3840000015,0.0,0.0,-128
38676,44,20,8,1958400.3840000015,0.0,0.0,-128
38678,44,20,10,1958400.3840000015,0.0,0.0,-128
38680,44,20,12,1340258.4560000002,0.0,0.0,-128
38724,44,24,0,1958400.3840000015,0.0,0.0,-128
38726,44,24,2,1958400.3840000015,0.0,0.0,-128
38728,44,24,4,1958400.3840000015,0.0,0.0,-128
38730,44,24,6,1958400.3840000015,0.0,0.0,-128
38732,44,24,8,1958400.3840000015,0.0,0.0,-128
38734,44,24,10,1958400.3840000015,0.0,0.0,-128
38736,44,24,12,1451509.474,0.0,0.0,-128
38780,44,28,0,1958400.3840000015,0.0,0.0,-128
38782,44,28,2,1958400.3840000015,0.0,0.0,-128
38784,44,28,4,1958400.3840000015,0.0,0.0,-128
38786,44,28,6,1958400.3840000015,0.0,0.0,-128
38788,44,28,8,1958400.3840000015,0.0,0.0,-128
38790,44,28,10,1958400.3840000015,0.0,0.0,-128
38792,44,28,12,1595763.9780000006,0.0,0.0,-128
38836,44,32,0,1958400.3840000015,0.0,0.0,-128
38838,44,32,2,1958400.3840000015,0.0,0.0,-128
38840,44,32,4,1958400.3840000015,0.0,0.0,-128
38842,44,32,6,1958400.3840000015,0.0,0.0,-128
38844,44,32,8,1958400.3840000015,0.0,0.0,-128
38846,44,32,10,1958400.3840000015,0.0,0.0,-128
38848,44,32,12,1630831.1300000004,0.0,0.0,-128
38892,44,36,0,1958400.3840000015,0.0,0.0,-128
38894,44,36,2,1958400.3840000015,0.0,0.0,-128
38896,44,36,4,1958400.3840000015,0.0,0.0,-128
38898,44,36,6,1958400.3840000015,0.0,0.0,-128
38900,44,36,8,1958400.3840000015,0.0,0.0,-128
38902,44,36,10,1958400.3840000015,0.0,0.0,-128
38904,44,36,12,1798605.2350000006,0.0,0.0,-128
38948,44,40,0,1958400.3840000015,0.0,0.0,-128
38950,44,40,2,1958400.3840000015,0.0,0.0,-128
38952,44,40,4,1958400.3840000015,0.0,0.0,-128
38954,44,40,6,1958400.3840000015,0.0,0.0,-128
38956,44,40,8,1958400.3840000015,0.0,0.0,-128
38958,44,40,10,1958400.3840000015,0.0,0.0,-128
38960,44,40,12,1930637.9920000008,0.0,0.0,-128
38962,44,40,14,19143.666,0.0,0.0,-48
39006,44,44,0,1958400.3840000015,0.0,0.0,-128
39008,44,44,2,1958400.3840000015,0.0,0.0,-128
39010,44,44,4,1958400.3840000015,0.0,0.0,-128
39012,44,44,6,1958400.3840000015,0.0,0.0,-128
39014,44,44,8,1958400.3840000015,0.0,0.0,-128
39016,44,44,10,1958400.3840000015,0.0,0.0,-128
39018,44,44,12,1795447.578000001,0.0,0.0,-128
40763,44,44,14,11972.831999999999,0.0,0.0,-16
39062,44,48,0,1958400.3840000015,0.0,0.0,-128
39064,44,48,2,1958400.3840000015,0.0,0.0,-128
39066,44,48,4,1958400.3840000015,0.0,0.0,-128
39068,44,48,6,1958400.3840000015,0.0,0.0,-128
39070,44,48,8,1958400.3840000015,0.0,0.0,-128
39072,44,48,10,1958400.3840000015,0.0,0.0,-128
39074,44,48,12,1908920.1750000014,0.0,0.0,-128
39104,44,48,14,146614.814,0.0,0.0,-52
39120,44,52,0,1958400.3840000015,0.0,0.0,-128
39122,44,52,2,1958400.3840000015,0.0,0.0,-128
39124,44,52,4,1958400.3840000015,0.0,0.0,-128
39126,44,52,6,1958400.3840000015,0.0,0.0,-128
39128,44,52,8,1958400.3840000015,0.0,0.0,-128
39130,44,52,10,1958400.3840000015,0.0,0.0,-128
39132,44,52,12,1958324.6130000013,0.0,0.0,-128
39134,44,52,14,263299.694,0.0,0.0,-64
39180,44,56,0,1958400.3840000015,0.0,0.0,-128
39182,44,56,2,1958400.3840000015,0.0,0.0,-128
39184,44,56,4,1958400.3840000015,0.0,0.0,-128
39186,44,56,6,1958400.3840000015,0.0,0.0,-128
39188,44,56,8,1958400.3840000015,0.0,0.0,-128
39190,44,56,10,1958400.3840000015,0.0,0.0,-128
39192,44,56,12,1958400.3840000015,0.0,0.0,-128
39194,44,56,14,501587.571,0.0,0.0,-64
41803,48,0,0,1958400.3840000015,0.0,0.0,-128
41805,48,0,2,1958400.3840000015,0.0,0.0,-128
41807,48,0,4,1958400.3840000015,0.0,0.0,-128
41809,48,0,6,1958400.3840000015,0.0,0.0,-128
41811,48,0,8,1958400.3840000015,0.0,0.0,-128
41813,48,0,10,1958400.3840000015,0.0,0.0,-128
41815,48,0,12,1167345.805,0.0,0.0,-128
41859,48,4,0,1958400.3840000015,0.0,0.0,-128
41861,48,4,2,1958400.3840000015,0.0,0.0,-128
41863,48,4,4,1958400.3840000015,0.0,0.0,-128
41865,48,4,6,1958400.3840000015,0.0,0.0,-128
41867,48,4,8,1958400.3840000015,0.0,0.0,-128
41869,48,4,10,1958400.3840000015,0.0,0.0,-128
41871,48,4,12,1308143.9640000002,0.0,0.0,-128
41915,48,8,0,1958400.3840000015,0.0,0.0,-128
41917,48,8,2,1958400.3840000015,0.0,0.0,-128
41919,48,8,4,1958400.3840000015,0.0,0.0,-128
41921,48,8,6,1958400.3840000015,0.0,0.0,-128
41923,48,8,8,1958400.3840000015,0.0,0.0,-128
41925,48,8,10,1958400.3840000015,0.0,0.0,-128
41927,48,8,12,1463831.0940000003,0.0,0.0,-128
41971,48,12,0,1958400.3840000015,0.0,0.0,-128
41973,48,12,2,1958400.3840000015,0.0,0.0,-128
41975,48,12,4,1958400.3840000015,0.0,0.0,-128
41977,48,12,6,1958400.3840000015,0.0,0.0,-128
41979,48,12,8,1958400.3840000015,0.0,0.0,-128
41981,48,12,10,1958400.3840000015,0.0,0.0,-128
41983,48,12,12,1645861.2650000008,0.0,0.0,-128
42027,48,16,0,1958400.3840000015,0.0,0.0,-128
42029,48,16,2,1958400.3840000015,0.0,0.0,-128
42031,48,16,4,1958400.3840000015,0.0,0.0,-128
42033,48,16,6,1958400.3840000015,0.0,0.0,-128
42035,48,16,8,1958400.3840000015,0.0,0.0,-128
42037,48,16,10,1958400.3840000015,0.0,0.0,-128
42039,48,16,12,1492221.2290000003,0.0,0.0,-128
42083,48,20,0,1958400.3840000015,0.0,0.0,-128
42085,48,20,2,1958400.3840000015,0.0,0.0,-128
42087,48,20,4,1958400.3840000015,0.0,0.0,-128
42089,48,20,6,1958400.3840000015,0.0,0.0,-128
42091,48,20,8,1958400.3840000015,0.0,0.0,-128
42093,48,20,10,1958400.3840000015,0.0,0.0,-128
42095,48,20,12,1438179.0200000005,0.0,0.0,-128
42139,48,24,0,1958400.3840000015,0.0,0.0,-128
42141,48,24,2,1958400.3840000015,0.0,0.0,-128
42143,48,24,4,1958400.3840000015,0.0,0.0,-128
42145,48,24,6,1958400.3840000015,0.0,0.0,-128
42147,48,24,8,1958400.3840000015,0.0,0.0,-128
42149,48,24,10,1958400.3840000015,0.0,0.0,-128
42151,48,24,12,1489699.6170000003,0.0,0.0,-128
42195,48,28,0,1958400.3840000015,0.0,0.0,-128
42197,48,28,2,1958400.3840000015,0.0,0.0,-128
42199,48,28,4,1958400.3840000015,0.0,0.0,-128
42201,48,28,6,1958400.3840000015,0.0,0.0,-128
42203,48,28,8,1958400.3840000015,0.0,0.0,-128
42205,48,28,10,1958400.3840000015,0.0,0.0,-128
42207,48,28,12,1690886.2330000005,0.0,0.0,-128
42251,48,32,0,1958400.3840000015,0.0,0.0,-128
42253,48,32,2,1958400.3840000015,0.0,0.0,-128
42255,48,32,4,1958400.3840000015,0.0,0.0,-128
42257,48,32,6,1958400.3840000015,0.0,0.0,-128
42259,48,32,8,1958400.3840000015,0.0,0.0,-128
42261,48,32,10,1958400.3840000015,0.0,0.0,-128
42263,48,32,12,1834292.5550000009,0.0,0.0,-128
44030,48,32,14,8280.716,0.0,0.0,-20
42307,48,36,0,1958400.3840000015,0.0,0.0,-128
42309,48,36,2,1958400.3840000015,0.0,0.0,-128
42311,48,36,4,1958400.3840000015,0.0,0.0,-128
42313,48,36,6,1958400.3840000015,0.0,0.0,-128
42315,48,36,8,1958400.3840000015,0.0,0.0,-128
42317,48,36,10,1958400.3840000015,0.0,0.0,-128
42319,48,36,12,1921990.3970000013,0.0,0.0,-128
43195,48,36,14,54727.126,0.0,0.0,-44
42363,48,40,0,1958400.3840000015,0.0,0.0,-128
42365,48,40,2,1958400.3840000015,0.0,0.0,-128
42367,48,40,4,1958400.3840000015,0.0,0.0,-128
42369,48,40,6,1958400.3840000015,0.0,0.0,-128
42371,48,40,8,1958400.3840000015,0.0,0.0,-128
42373,48,40,10,1958400.3840000015,0.0,0.0,-128
42375,48,40,12,1956437.2530000014,0.0,0.0,-128
42377,48,40,14,141552.917,0.0,0.0,-64
42423,48,44,0,1958400.3840000015,0.0,0.0,-128
42425,48,44,2,1958400.3840000015,0.0,0.0,-128
42427,48,44,4,1958400.3840000015,0.0,0.0,-128
42429,48,44,6,1958400.3840000015,0.0,0.0,-128
42431,48,44,8,1958400.3840000015,0.0,0.0,-128
42433,48,44,10,1958400.3840000015,0.0,0.0,-128
42435,48,44,12,1958166.3710000014,0.0,0.0,-128
42437,48,44,14,201630.396,0.0,0.0,-64
42483,48,48,0,1958400.3840000015,0.0,0.0,-128
42485,48,48,2,1958400.3840000015,0.0,0.0,-128
42487,48,48,4,1958400.3840000015,0.0,0.0,-128
42489,48,48,6,1958400.3840000015,0.0,0.0,-128
42491,48,48,8,1958400.3840000015,0.0,0.0,-128
42493,48,48,10,1958400.3840000015,0.0,0.0,-128
42495,48,48,12,1958400.3840000015,0.0,0.0,-128
42497,48,48,14,342621.09200000006,0.0,0.0,-64
42543,48,52,0,1958400.3840000015,0.0,0.0,-128
42545,48,52,2,1958400.3840000015,0.0,0.0,-128
42547,48,52,4,1958400.3840000015,0.0,0.0,-128
42549,48,52,6,1958400.3840000015,0.0,0.0,-128
42551,48,52,8,1958400.3840000015,0.0,0.0,-128
42553,48,52,10,1958400.3840000015,0.0,0.0,-128
42555,48,52,12,1958400.3840000015,0.0,0.0,-128
42557,48,52,14,521473.78199999995,0.0,0.0,-64
42603,48,56,0,1958400.3840000015,0.0,0.0,-128
42605,48,56,2,1958400.3840000015,0.0,0.0,-128
42607,48,56,4,1958400.3840000015,0.0,0.0,-128
42609,48,56,6,1958400.3840000015,0.0,0.0,-128
42611,48,56,8,1958400.3840000015,0.0,0.0,-128
42613,48,56,10,1958400.3840000015,0.0,0.0,-128
42615,48,56,12,1958400.3840000015,0.0,0.0,-128
42617,48,56,14,693338.6340000001,0.0,0.0,-64
45259,52,0,0,1958400.3840000015,0.0,0.0,-128
45261,52,0,2,1958400.3840000015,0.0,0.0,-128
45263,52,0,4,1958400.3840000015,0.0,0.0,-128
45265,52,0,6,1958400.3840000015,0.0,0.0,-128
45267,52,0,8,1958400.3840000015,0.0,0.0,-128
45269,52,0,10,1958400.3840000015,0.0,0.0,-128
45271,52,0,12,1374806.4090000002,0.0,0.0,-128
45315,52,4,0,1958400.3840000015,0.0,0.0,-128
45317,52,4,2,1958400.3840000015,0.0,0.0,-128
45319,52,4,4,1958400.3840000015,0.0,0.0,-128
45321,52,4,6,1958400.3840000015,0.0,0.0,-128
45323,52,4,8,1958400.3840000015,0.0,0.0,-128
45325,52,4,10,1958400.3840000015,0.0,0.0,-128
45327,52,4,12,1437386.3510000003,0.0,0.0,-128
45371,52,8,0,1958400.3840000015,0.0,0.0,-128
45373,52,8,2,1958400.3840000015,0.0,0.0,-128
45375,52,8,4,1958400.3840000015,0.0,0.0,-128
45377,52,8,6,1958400.3840000015,0.0,0.0,-128
45379,52,8,8,1958400.3840000015,0.0,0.0,-128
45381,52,8,10,1958400.3840000015,0.0,0.0,-128
45383,52,8,12,1720757.3510000005,0.0,0.0,-128
45427,52,12,0,1958400.3840000015,0.0,0.0,-128
45429,52,12,2,1958400.3840000015,0.0,0.0,-128
45431,52,12,4,1958400.3840000015,0.0,0.0,-128
45433,52,12,6,1958400.3840000015,0.0,0.0,-128
45435,52,12,8,1958400.3840000015,0.0,0.0,-128
45437,52,12,10,1958400.3840000015,0.0,0.0,-128
45439,52,12,12,1878874.2290000005,0.0,0.0,-128
47211,52,12,14,6555.451,0.0,0.0,-20
45483,52,16,0,1958400.3840000015,0.0,0.0,-128
45485,52,16,2,1958400.3840000015,0.0,0.0,-128
45487,52,16,4,1958400.3840000015,0.0,0.0,-128
45489,52,16,6,1958400.3840000015,0.0,0.0,-128
45491,52,16,8,1958400.3840000015,0.0,0.0,-128
45493,52,16,10,1958400.3840000015,0.0,0.0,-128
45495,52,16,12,1811678.728000001,0.0,0.0,-128
48119,52,16,14,1196.442,0.0,0.0,-8
45539,52,20,0,1958400.3840000015,0.0,0.0,-128
45541,52,20,2,1958400.3840000015,0.0,0.0,-128
45543,52,20,4,1958400.3840000015,0.0,0.0,-128
45545,52,20,6,1958400.3840000015,0.0,0.0,-128
45547,52,20,8,1958400.3840000015,0.0,0.0,-128
45549,52,20,10,1958400.3840000015,0.0,0.0,-128
45551,52,20,12,1715702.1140000005,0.0,0.0,-128
45595,52,24,0,1958400.3840000015,0.0,0.0,-128
45597,52,24,2,1958400.3840000015,0.0,0.0,-128
45599,52,24,4,1958400.3840000015,0.0,0.0,-128
45601,52,24,6,1958400.3840000015,0.0,0.0,-128
45603,52,24,8,1958400.3840000015,0.0,0.0,-128
45605,52,24,10,1958400.3840000015,0.0,0.0,-128
45607,52,24,12,1853246.2000000007,0.0,0.0,-128
47381,52,24,14,11772.927,0.0,0.0,-24
45651,52,28,0,1958400.3840000015,0.0,0.0,-128
45653,52,28,2,1958400.3840000015,0.0,0.0,-128
45655,52,28,4,1958400.3840000015,0.0,0.0,-128
45657,52,28,6,1958400.3840000015,0.0,0.0,-128
45659,52,28,8,1958400.3840000015,0.0,0.0,-128
45661,52,28,10,1958400.3840000015,0.0,0.0,-128
45663,52,28,12,1942611.1590000014,0.0,0.0,-128
45693,52,28,14,85089.792,0.0,0.0,-56
45709,52,32,0,1958400.3840000015,0.0,0.0,-128
45711,52,32,2,1958400.3840000015,0.0,0.0,-128
45713,52,32,4,1958400.3840000015,0.0,0.0,-128
45715,52,32,6,1958400.3840000015,0.0,0.0,-128
45717,52,32,8,1958400.3840000015,0.0,0.0,-128
45719,52,32,10,1958400.3840000015,0.0,0.0,-128
45721,52,32,12,1958400.3840000015,0.0,0.0,-128
45723,52,32,14,225303.45400000003,0.0,0.0,-64
45769,52,36,0,1958400.3840000015,0.0,0.0,-128
45771,52,36,2,1958400.3840000015,0.0,0.0,-128
45773,52,36,4,1958400.3840000015,0.0,0.0,-128
45775,52,36,6,1958400.3840000015,0.0,0.0,-128
45777,52,36,8,1958400.3840000015,0.0,0.0,-128
45779,52,36,10,1958400.3840000015,0.0,0.0,-128
45781,52,36,12,1958400.3840000015,0.0,0.0,-128
45783,52,36,14,312518.50600000005,0.0,0.0,-64
45829,52,40,0,1958400.3840000015,0.0,0.0,-128
45831,52,40,2,1958400.3840000015,0.0,0.0,-128
45833,52,40,4,1958400.3840000015,0.0,0.0,-128
45835,52,40,6,1958400.3840000015,0.0,0.0,-128
45837,52,40,8,1958400.3840000015,0.0,0.0,-128
45839,52,40,10,1958400.3840000015,0.0,0.0,-128
45841,52,40,12,1958400.3840000015,0.0,0.0,-128
45843,52,40,14,244733.56,0.0,0.0,-64
45889,52,44,0,1958400.3840000015,0.0,0.0,-128
45891,52,44,2,1958400.3840000015,0.0,0.0,-128
45893,52,44,4,1958400.3840000015,0.0,0.0,-128
45895,52,44,6,1958400.3840000015,0.0,0.0,-128
45897,52,44,8,1958400.3840000015,0.0,0.0,-128
45899,52,44,10,1958400.3840000015,0.0,0.0,-128
45901,52,44,12,1958400.3840000015,0.0,0.0,-128
45903,52,44,14,259109.64099999997,0.0,0.0,-64
45949,52,48,0,1958400.3840000015,0.0,0.0,-128
45951,52,48,2,1958400.3840000015,0.0,0.0,-128
45953,52,48,4,1958400.3840000015,0.0,0.0,-128
45955,52,48,6,1958400.3840000015,0.0,0.0,-128
45957,52,48,8,1958400.3840000015,0.0,0.0,-128
45959,52,48,10,1958400.3840000015,0.0,0.0,-128
45961,52,48,12,1958400.3840000015,0.0,0.0,-128
45963,52,48,14,375625.7630000001,0.0,0.0,-64
46009,52,52,0,1958400.3840000015,0.0,0.0,-128
46011,52,52,2,1958400.3840000015,0.0,0.0,-128
46013,52,52,4,1958400.3840000015,0.0,0.0,-128
46015,52,52,6,1958400.3840000015,0.0,0.0,-128
46017,52,52,8,1958400.3840000015,0.0,0.0,-128
46019,52,52,10,1958400.3840000015,0.0,0.0,-128
46021,52,52,12,1958400.3840000015,0.0,0.0,-128
46023,52,52,14,618706.326,0.0,0.0,-64
46069,52,56,0,1958400.3840000015,0.0,0.0,-128
46071,52,56,2,1958400.3840000015,0.0,0.0,-128
46073,52,56,4,1958400.3840000015,0.0,0.0,-128
46075,52,56,6,1958400.3840000015,0.0,0.0,-128
46077,52,56,8,1958400.3840000015,0.0,0.0,-128
46079,52,56,10,1958400.3840000015,0.0,0.0,-128
46081,52,56,12,1958400.3840000015,0.0,0.0,-128
46083,52,56,14,865226.7430000001,0.0,0.0,-76
48761,56,0,0,1958400.3840000015,0.0,0.0,-128
48763,56,0,2,1958400.3840000015,0.0,0.0,-128
48765,56,0,4,1958400.3840000015,0.0,0.0,-128
48767,56,0,6,1958400.3840000015,0.0,0.0,-128
48769,56,0,8,1958400.3840000015,0.0,0.0,-128
48771,56,0,10,1958400.3840000015,0.0,0.0,-128
48773,56,0,12,1616730.5370000005,0.0,0.0,-128
48817,56,4,0,1958400.3840000015,0.0,0.0,-128
48819,56,4,2,1958400.3840000015,0.0,0.0,-128
48821,56,4,4,1958400.3840000015,0.0,0.0,-128
48823,56,4,6,1958400.3840000015,0.0,0.0,-128
48825,56,4,8,1958400.3840000015,0.0,0.0,-128
48827,56,4,10,1958400.3840000015,0.0,0.0,-128
48829,56,4,12,1722824.0640000005,0.0,0.0,-128
50660,56,4,14,2542.725,0.0,0.0,-20
48873,56,8,0,1958400.3840000015,0.0,0.0,-128
48875,56,8,2,1958400.3840000015,0.0,0.0,-128
48877,56,8,4,1958400.3840000015,0.0,0.0,-128
48879,56,8,6,1958400.3840000015,0.0,0.0,-128
48881,56,8,8,1958400.3840000015,0.0,0.0,-128
48883,56,8,10,1958400.3840000015,0.0,0.0,-128
48885,56,8,12,1920427.966000001,0.0,0.0,-128
48915,56,8,14,33435.333,0.0,0.0,-52
48931,56,12,0,1958400.3840000015,0.0,0.0,-128
48933,56,12,2,1958400.3840000015,0.0,0.0,-128
48935,56,12,4,1958400.3840000015,0.0,0.0,-128
48937,56,12,6,1958400.3840000015,0.0,0.0,-128
48939,56,12,8,1958400.3840000015,0.0,0.0,-128
48941,56,12,10,1958400.3840000015,0.0,0.0,-128
48943,56,12,12,1958030.7780000013,0.0,0.0,-128
48945,56,12,14,121294.66199999998,0.0,0.0,-64
48991,56,16,0,1958400.3840000015,0.0,0.0,-128
48993,56,16,2,1958400.3840000015,0.0,0.0,-128
48995,56,16,4,1958400.3840000015,0.0,0.0,-128
48997,56,16,6,1958400.3840000015,0.0,0.0,-128
48999,56,16,8,1958400.3840000015,0.0,0.0,-128
49001,56,16,10,1958400.3840000015,0.0,0.0,-128
49003,56,16,12,1951475.3060000015,0.0,0.0,-128
49005,56,16,14,69546.776,0.0,0.0,-60
49050,56,20,0,1958400.3840000015,0.0,0.0,-128
49052,56,20,2,1958400.3840000015,0.0,0.0,-128
49054,56,20,4,1958400.3840000015,0.0,0.0,-128
49056,56,20,6,1958400.3840000015,0.0,0.0,-128
49058,56,20,8,1958400.3840000015,0.0,0.0,-128
49060,56,20,10,1958400.3840000015,0.0,0.0,-128
49062,56,20,12,1946812.4400000013,0.0,0.0,-128
49092,56,20,14,88090.935,0.0,0.0,-56
49108,56,24,0,1958400.3840000015,0.0,0.0,-128
49110,56,24,2,1958400.3840000015,0.0,0.0,-128
49112,56,24,4,1958400.3840000015,0.0,0.0,-128
49114,56,24,6,1958400.3840000015,0.0,0.0,-128
49116,56,24,8,1958400.3840000015,0.0,0.0,-128
49118,56,24,10,1958400.3840000015,0.0,0.0,-128
49120,56,24,12,1958400.3840000015,0.0,0.0,-128
49122,56,24,14,218507.45500000002,0.0,0.0,-64
49168,56,28,0,1958400.3840000015,0.0,0.0,-128
49170,56,28,2,1958400.3840000015,0.0,0.0,-128
49172,56,28,4,1958400.3840000015,0.0,0.0,-128
49174,56,28,6,1958400.3840000015,0.0,0.0,-128
49176,56,28,8,1958400.3840000015,0.0,0.0,-128
49178,56,28,10,1958400.3840000015,0.0,0.0,-128
49180,56,28,12,1958400.3840000015,0.0,0.0,-128
49182,56,28,14,410783.701,0.0,0.0,-64
49228,56,32,0,1958400.3840000015,0.0,0.0,-128
49230,56,32,2,1958400.3840000015,0.0,0.0,-128
49232,56,32,4,1958400.3840000015,0.0,0.0,-128
49234,56,32,6,1958400.3840000015,0.0,0.0,-128
49236,56,32,8,1958400.3840000015,0.0,0.0,-128
49238,56,32,10,1958400.3840000015,0.0,0.0,-128
49240,56,32,12,1958400.3840000015,0.0,0.0,-128
49242,56,32,14,591362.286,0.0,0.0,-64
49288,56,36,0,1958400.3840000015,0.0,0.0,-128
49290,56,36,2,1958400.3840000015,0.0,0.0,-128
49292,56,36,4,1958400.3840000015,0.0,0.0,-128
49294,56,36,6,1958400.3840000015,0.0,0.0,-128
49296,56,36,8,1958400.3840000015,0.0,0.0,-128
49298,56,36,10,1958400.3840000015,0.0,0.0,-128
49300,56,36,12,1958400.3840000015,0.0,0.0,-128
49302,56,36,14,617865.894,0.0,0.0,-64
49348,56,40,0,1958400.3840000015,0.0,0.0,-128
49350,56,40,2,1958400.3840000015,0.0,0.0,-128
49352,56,40,4,1958400.3840000015,0.0,0.0,-128
49354,56,40,6,1958400.3840000015,0.0,0.0,-128
49356,56,40,8,1958400.3840000015,0.0,0.0,-128
49358,56,40,10,1958400.3840000015,0.0,0.0,-128
49360,56,40,12,1958400.3840000015,0.0,0.0,-128
49362,56,40,14,527393.395,0.0,0.0,-64
49408,56,44,0,1958400.3840000015,0.0,0.0,-128
49410,56,44,2,1958400.3840000015,0.0,0.0,-128
49412,56,44,4,1958400.3840000015,0.0,0.0,-128
49414,56,44,6,1958400.3840000015,0.0,0.0,-128
49416,56,44,8,1958400.3840000015,0.0,0.0,-128
49418,56,44,10,1958400.3840000015,0.0,0.0,-128
49420,56,44,12,1958400.3840000015,0.0,0.0,-128
49422,56,44,14,323372.969,0.0,0.0,-64
49468,56,48,0,1958400.3840000015,0.0,0.0,-128
49470,56,48,2,1958400.3840000015,0.0,0.0,-128
49472,56,48,4,1958400.3840000015,0.0,0.0,-128
49474,56,48,6,1958400.3840000015,0.0,0.0,-128
49476,56,48,8,1958400.3840000015,0.0,0.0,-128
49478,56,48,10,1958400.3840000015,0.0,0.0,-128
49480,56,48,12,1958400.3840000015,0.0,0.0,-128
49482,56,48,14,499518.4439999999,0.0,0.0,-68
49528,56,52,0,1958400.3840000015,0.0,0.0,-128
49530,56,52,2,1958400.3840000015,0.0,0.0,-128
49532,56,52,4,1958400.3840000015,0.0,0.0,-128
49534,56,52,6,1958400.3840000015,0.0,0.0,-128
49536,56,52,8,1958400.3840000015,0.0,0.0,-128
49538,56,52,10,1958400.3840000015,0.0,0.0,-128
49540,56,52,12,1958400.3840000015,0.0,0.0,-128
49542,56,52,14,935580.8639999998,0.0,0.0,-92
52275,56,52,16,40800,0.0,0.0,-8
49588,56,56,0,1958400.3840000015,0.0,0.0,-128
49590,56,56,2,1958400.3840000015,0.0,0.0,-128
49592,56,56,4,1958400.3840000015,0.0,0.0,-128
49594,56,56,6,1958400.3840000015,0.0,0.0,-128
49596,56,56,8,1958400.3840000015,0.0,0.0,-128
49598,56,56,10,1958400.3840000015,0.0,0.0,-128
49600,56,56,12,1958400.3840000015,0.0,0.0,-128
49602,56,56,14,1421601.8870000006,0.0,0.0,-124
50547,56,56,16,408000.06399999995,0.0,0.0,-32
52361,60,0,0,489600.09599999996,0.0,0.0,-32
52363,60,0,2,489600.09599999996,0.0,0.0,-32
52365,60,0,4,489600.09599999996,0.0,0.0,-32
52367,60,0,6,489600.09599999996,0.0,0.0,-32
52369,60,0,8,489600.09599999996,0.0,0.0,-32
52371,60,0,10,489600.09599999996,0.0,0.0,-32
52373,60,0,12,447149.249,0.0,0.0,-32
52417,60,4,0,489600.09599999996,0.0,0.0,-32
52419,60,4,2,489600.09599999996,0.0,0.0,-32
52421,60,4,4,489600.09599999996,0.0,0.0,-32
52423,60,4,6,489600.09599999996,0.0,0.0,-32
52425,60,4,8,489600.09599999996,0.0,0.0,-32
52427,60,4,10,489600.09599999996,0.0,0.0,-32
52429,60,4,12,467682.32200000004,0.0,0.0,-32
52431,60,4,14,193.787,0,0,-4
52474,60,8,0,489600.09599999996,0.0,0.0,-32
52476,60,8,2,489600.09599999996,0.0,0.0,-32
52478,60,8,4,489600.09599999996,0.0,0.0,-32
52480,60,8,6,489600.09599999996,0.0,0.0,-32
52482,60,8,8,489600.09599999996,0.0,0.0,-32
52484,60,8,10,489600.09599999996,0.0,0.0,-32
52486,60,8,12,469450.84699999995,0.0,0.0,-32
52516,60,8,14,836.823,0.0,0.0,-8
52532,60,12,0,489600.09599999996,0.0,0.0,-32
52534,60,12,2,489600.09599999996,0.0,0.0,-32
52536,60,12,4,489600.09599999996,0.0,0.0,-32
52538,60,12,6,489600.09599999996,0.0,0.0,-32
52540,60,12,8,489600.09599999996,0.0,0.0,-32
52542,60,12,10,489600.09599999996,0.0,0.0,-32
52544,60,12,12,489600.09599999996,0.0,0.0,-32
52546,60,12,14,21209.656000000003,0.0,0.0,-16
52592,60,16,0,489600.09599999996,0.0,0.0,-32
52594,60,16,2,489600.09599999996,0.0,0.0,-32
52596,60,16,4,489600.09599999996,0.0,0.0,-32
52598,60,16,6,489600.09599999996,0.0,0.0,-32
52600,60,16,8,489600.09599999996,0.0,0.0,-32
52602,60,16,10,489600.09599999996,0.0,0.0,-32
52604,60,16,12,489600.09599999996,0.0,0.0,-32
52606,60,16,14,40434.15,0.0,0.0,-16
52652,60,20,0,489600.09599999996,0.0,0.0,-32
52654,60,20,2,489600.09599999996,0.0,0.0,-32
52656,60,20,4,489600.09599999996,0.0,0.0,-32
52658,60,20,6,489600.09599999996,0.0,0.0,-32
52660,60,20,8,489600.09599999996,0.0,0.0,-32
52662,60,20,10,489600.09599999996,0.0,0.0,-32
52664,60,20,12,489600.09599999996,0.0,0.0,-32
52666,60,20,14,62816.006,0.0,0.0,-16
52712,60,24,0,489600.09599999996,0.0,0.0,-32
52714,60,24,2,489600.09599999996,0.0,0.0,-32
52716,60,24,4,489600.09599999996,0.0,0.0,-32
52718,60,24,6,489600.09599999996,0.0,0.0,-32
52720,60,24,8,489600.09599999996,0.0,0.0,-32
52722,60,24,10,489600.09599999996,0.0,0.0,-32
52724,60,24,12,489600.09599999996,0.0,0.0,-32
52726,60,24,14,99485.36099999999,0.0,0.0,-16
52772,60,28,0,489600.09599999996,0.0,0.0,-32
52774,60,28,2,489600.09599999996,0.0,0.0,-32
52776,60,28,4,489600.09599999996,0.0,0.0,-32
52778,60,28,6,489600.09599999996,0.0,0.0,-32
52780,60,28,8,489600.09599999996,0.0,0.0,-32
52782,60,28,10,489600.09599999996,0.0,0.0,-32
52784,60,28,12,489600.09599999996,0.0,0.0,-32
52786,60,28,14,166114.16999999998,0.0,0.0,-16
52832,60,32,0,489600.09599999996,0.0,0.0,-32
52834,60,32,2,489600.09599999996,0.0,0.0,-32
52836,60,32,4,489600.09599999996,0.0,0.0,-32
52838,60,32,6,489600.09599999996,0.0,0.0,-32
52840,60,32,8,489600.09599999996,0.0,0.0,-32
52842,60,32,10,489600.09599999996,0.0,0.0,-32
52844,60,32,12,489600.09599999996,0.0,0.0,-32
52846,60,32,14,205569.397,0.0,0.0,-16
52892,60,36,0,489600.09599999996,0.0,0.0,-32
52894,60,36,2,489600.09599999996,0.0,0.0,-32
52896,60,36,4,489600.09599999996,0.0,0.0,-32
52898,60,36,6,489600.09599999996,0.0,0.0,-32
52900,60,36,8,489600.09599999996,0.0,0.0,-32
52902,60,36,10,489600.09599999996,0.0,0.0,-32
52904,60,36,12,489600.09599999996,0.0,0.0,-32
52906,60,36,14,191875.32400000002,0.0,0.0,-16
52952,60,40,0,489600.09599999996,0.0,0.0,-32
52954,60,40,2,489600.09599999996,0.0,0.0,-32
52956,60,40,4,489600.09599999996,0.0,0.0,-32
52958,60,40,6,489600.09599999996,0.0,0.0,-32
52960,60,40,8,489600.09599999996,0.0,0.0,-32
52962,60,40,10,489600.09599999996,0.0,0.0,-32
52964,60,40,12,489600.09599999996,0.0,0.0,-32
52966,60,40,14,181001.705,0.0,0.0,-16
53012,60,44,0,489600.09599999996,0.0,0.0,-32
53014,60,44,2,489600.09599999996,0.0,0.0,-32
53016,60,44,4,489600.09599999996,0.0,0.0,-32
53018,60,44,6,489600.09599999996,0.0,0.0,-32
53020,60,44,8,489600.09599999996,0.0,0.0,-32
53022,60,44,10,489600.09599999996,0.0,0.0,-32
53024,60,44,12,489600.09599999996,0.0,0.0,-32
53026,60,44,14,174306.88900000002,0.0,0.0,-16
53072,60,48,0,489600.09599999996,0.0,0.0,-32
53074,60,48,2,489600.09599999996,0.0,0.0,-32
53076,60,48,4,489600.09599999996,0.0,0.0,-32
53078,60,48,6,489600.09599999996,0.0,0.0,-32
53080,60,48,8,489600.09599999996,0.0,0.0,-32
53082,60,48,10,489600.09599999996,0.0,0.0,-32
53084,60,48,12,489600.09599999996,0.0,0.0,-32
53086,60,48,14,233303.935,0.0,0.0,-28
53135,60,52,0,489600.09599999996,0.0,0.0,-32
53137,60,52,2,489600.09599999996,0.0,0.0,-32
53139,60,52,4,489600.09599999996,0.0,0.0,-32
53141,60,52,6,489600.09599999996,0.0,0.0,-32
53143,60,52,8,489600.09599999996,0.0,0.0,-32
53145,60,52,10,489600.09599999996,0.0,0.0,-32
53147,60,52,12,489600.09599999996,0.0,0.0,-32
53149,60,52,14,416224.80199999997,0.0,0.0,-32
53151,60,52,16,163200.024,0.0,0.0,-16
53203,60,56,0,489600.09599999996,0.0,0.0,-32
53205,60,56,2,489600.09599999996,0.0,0.0,-32
53207,60,56,4,489600.09599999996,0.0,0.0,-32
53209,60,56,6,489600.09599999996,0.0,0.0,-32
53211,60,56,8,489600.09599999996,0.0,0.0,-32
53213,60,56,10,489600.09599999996,0.0,0.0,-32
53215,60,56,12,489600.09599999996,0.0,0.0,-32
53217,60,56,14,489600.09599999996,0.0,0.0,-32
53219,60,56,16,244800.048,0.0,0.0,-16
